[{"model": "dataentry.formtype", "pk": 1, "fields": {"name": "IRF"}},{"model": "dataentry.storage", "pk": 1, "fields": {"module_name": "dataentry.models.irf_nepal", "form_model_name": "IrfNepal", "response_model_name": null, "parent_storage": null, "foreign_key_field_parent": null, "foreign_key_field_child": null}}, {"model": "dataentry.storage", "pk": 2, "fields": {"module_name": "dataentry.models.irf_nepal", "form_model_name": "IntercepteeNepal", "response_model_name": null, "parent_storage": 1, "foreign_key_field_parent": "interception_record", "foreign_key_field_child": null}}, {"model": "dataentry.storage", "pk": 3, "fields": {"module_name": "dataentry.models.irf_india", "form_model_name": "IrfIndia", "response_model_name": null, "parent_storage": null, "foreign_key_field_parent": null, "foreign_key_field_child": null}}, {"model": "dataentry.storage", "pk": 4, "fields": {"module_name": "dataentry.models.irf_india", "form_model_name": "IntercepteeIndia", "response_model_name": null, "parent_storage": 3, "foreign_key_field_parent": "interception_record", "foreign_key_field_child": null}}, {"model": "dataentry.storage", "pk": 5, "fields": {"module_name": "dataentry.models.irf_south_africa", "form_model_name": "IrfSouthAfrica", "response_model_name": null, "parent_storage": null, "foreign_key_field_parent": null, "foreign_key_field_child": null}}, {"model": "dataentry.storage", "pk": 6, "fields": {"module_name": "dataentry.models.irf_south_africa", "form_model_name": "IntercepteeSouthAfrica", "response_model_name": null, "parent_storage": 5, "foreign_key_field_parent": "interception_record", "foreign_key_field_child": null}},{"model": "dataentry.form", "pk": 1, "fields": {"form_type": 1, "country": 1, "storage": 1, "start_date": "2018-04-01T00:00:00Z", "end_date": "2118-12-31T00:00:00Z"}}, {"model": "dataentry.form", "pk": 2, "fields": {"form_type": 1, "country": 4, "storage": 3, "start_date": "2018-04-01T00:00:00Z", "end_date": "2118-12-31T00:00:00Z"}}, {"model": "dataentry.form", "pk": 4, "fields": {"form_type": 1, "country": 2, "storage": 5, "start_date": "2018-04-01T00:00:00Z", "end_date": "2118-12-31T00:00:00Z"}},{"model": "dataentry.categorytype", "pk": 1, "fields": {"name": "grid"}}, {"model": "dataentry.categorytype", "pk": 2, "fields": {"name": "card"}},{"model": "dataentry.category", "pk": 1, "fields": {"form": 1, "category_type": 1, "name": "Top Box", "order": 1}}, {"model": "dataentry.category", "pk": 2, "fields": {"form": 1, "category_type": 1, "name": "Group", "order": 2}}, {"model": "dataentry.category", "pk": 3, "fields": {"form": 1, "category_type": 1, "name": "Destination", "order": 3}}, {"model": "dataentry.category", "pk": 4, "fields": {"form": 1, "category_type": 1, "name": "Family", "order": 4}}, {"model": "dataentry.category", "pk": 5, "fields": {"form": 1, "category_type": 1, "name": "Signs", "order": 5}}, {"model": "dataentry.category", "pk": 6, "fields": {"form": 1, "category_type": 2, "name": "Interceptees", "order": 6}}, {"model": "dataentry.category", "pk": 7, "fields": {"form": 1, "category_type": 1, "name": "Final Procedures", "order": 7}}, {"model": "dataentry.category", "pk": 8, "fields": {"form": 2, "category_type": 1, "name": "Top Box", "order": 1}}, {"model": "dataentry.category", "pk": 9, "fields": {"form": 2, "category_type": 1, "name": "Group", "order": 2}}, {"model": "dataentry.category", "pk": 10, "fields": {"form": 2, "category_type": 1, "name": "Destination", "order": 3}}, {"model": "dataentry.category", "pk": 11, "fields": {"form": 2, "category_type": 1, "name": "Family", "order": 4}}, {"model": "dataentry.category", "pk": 12, "fields": {"form": 2, "category_type": 1, "name": "Signs", "order": 5}}, {"model": "dataentry.category", "pk": 13, "fields": {"form": 2, "category_type": 2, "name": "Interceptees", "order": 6}}, {"model": "dataentry.category", "pk": 14, "fields": {"form": 2, "category_type": 1, "name": "Final Procedures", "order": 7}}, {"model": "dataentry.category", "pk": 15, "fields": {"form": 4, "category_type": 1, "name": "Top Box", "order": 1}}, {"model": "dataentry.category", "pk": 16, "fields": {"form": 4, "category_type": 1, "name": "Visual", "order": 2}}, {"model": "dataentry.category", "pk": 17, "fields": {"form": 4, "category_type": 1, "name": "Documentation", "order": 3}}, {"model": "dataentry.category", "pk": 18, "fields": {"form": 4, "category_type": 1, "name": "Interview", "order": 4}}, {"model": "dataentry.category", "pk": 19, "fields": {"form": 4, "category_type": 1, "name": "Host", "order": 5}}, {"model": "dataentry.category", "pk": 20, "fields": {"form": 4, "category_type": 1, "name": "Children", "order": 6}}, {"model": "dataentry.category", "pk": 21, "fields": {"form": 4, "category_type": 1, "name": "Source", "order": 7}}, {"model": "dataentry.category", "pk": 22, "fields": {"form": 4, "category_type": 2, "name": "Interceptees", "order": 8}}, {"model": "dataentry.category", "pk": 23, "fields": {"form": 4, "category_type": 1, "name": "Final Procedures", "order": 9}},{"model": "dataentry.cardstorage", "pk": 1, "fields": {"category": 6, "storage": 2}}, {"model": "dataentry.cardstorage", "pk": 2, "fields": {"category": 13, "storage": 4}}, {"model": "dataentry.cardstorage", "pk": 3, "fields": {"category": 22, "storage": 6}},{"model": "dataentry.answertype", "pk": 1, "fields": {"name": "String"}}, {"model": "dataentry.answertype", "pk": 2, "fields": {"name": "Integer"}}, {"model": "dataentry.answertype", "pk": 3, "fields": {"name": "Float"}}, {"model": "dataentry.answertype", "pk": 4, "fields": {"name": "RadioButton"}}, {"model": "dataentry.answertype", "pk": 5, "fields": {"name": "Dropdown"}}, {"model": "dataentry.answertype", "pk": 6, "fields": {"name": "Checkbox"}}, {"model": "dataentry.answertype", "pk": 7, "fields": {"name": "Address"}}, {"model": "dataentry.answertype", "pk": 8, "fields": {"name": "Phone"}}, {"model": "dataentry.answertype", "pk": 9, "fields": {"name": "Date"}}, {"model": "dataentry.answertype", "pk": 10, "fields": {"name": "DateTime"}}, {"model": "dataentry.answertype", "pk": 12, "fields": {"name": "Image"}}, {"model": "dataentry.answertype", "pk": 13, "fields": {"name": "PromptOnly"}}, {"model": "dataentry.answertype", "pk": 14, "fields": {"name": "Person"}},{"model": "dataentry.question", "pk": 1, "fields": {"prompt": "Irf Number", "description": null, "answer_type": 1, "params": null}}, {"model": "dataentry.question", "pk": 2, "fields": {"prompt": "# of Victims", "description": null, "answer_type": 2, "params": null}}, {"model": "dataentry.question", "pk": 3, "fields": {"prompt": "Location", "description": null, "answer_type": 1, "params": null}}, {"model": "dataentry.question", "pk": 4, "fields": {"prompt": "Date/Time", "description": null, "answer_type": 10, "params": null}}, {"model": "dataentry.question", "pk": 5, "fields": {"prompt": "# of Traffickers", "description": null, "answer_type": 2, "params": null}}, {"model": "dataentry.question", "pk": 6, "fields": {"prompt": "Staff Name", "description": null, "answer_type": 1, "params": null}}, {"model": "dataentry.question", "pk": 7, "fields": {"prompt": "", "description": "Interceptee image", "answer_type": 12, "params": {"subdirectory": "interceptee_photos/"}}}, {"model": "dataentry.question", "pk": 8, "fields": {"prompt": "Type", "description": "interceptee type", "answer_type": 5, "params": null}}, {"model": "dataentry.question", "pk": 9, "fields": {"prompt": "", "description": "interceptee person", "answer_type": 14, "params": {"name": "private", "phone": "private", "address2": "private"}}}, {"model": "dataentry.question", "pk": 10, "fields": {"prompt": "Girl appears drugged or drowsy", "description": null, "answer_type": 6, "params": null}}, {"model": "dataentry.question", "pk": 11, "fields": {"prompt": "Taken into police custody", "description": null, "answer_type": 6, "params": null}}, {"model": "dataentry.question", "pk": 12, "fields": {"prompt": "Alone", "description": null, "answer_type": 6, "params": null}}, {"model": "dataentry.question", "pk": 13, "fields": {"prompt": "Husband/Wife", "description": null, "answer_type": 6, "params": null}}, {"model": "dataentry.question", "pk": 14, "fields": {"prompt": "Own brother, sister/relative", "description": null, "answer_type": 6, "params": null}}, {"model": "dataentry.question", "pk": 17, "fields": {"prompt": "Wife is under 18", "description": null, "answer_type": 6, "params": null}}, {"model": "dataentry.question", "pk": 21, "fields": {"prompt": "Is meeting with someone just across border", "description": null, "answer_type": 6, "params": null}}, {"model": "dataentry.question", "pk": 22, "fields": {"prompt": "Meeting someone she's seen in Nepal in last month", "description": null, "answer_type": 6, "params": null}}, {"model": "dataentry.question", "pk": 23, "fields": {"prompt": "Was travelling with someone not with her", "description": null, "answer_type": 6, "params": null}}, {"model": "dataentry.question", "pk": 24, "fields": {"prompt": "Married in the past 2 weeks", "description": null, "answer_type": 6, "params": null}}, {"model": "dataentry.question", "pk": 25, "fields": {"prompt": "Married within the past 2-8 weeks", "description": null, "answer_type": 6, "params": null}}, {"model": "dataentry.question", "pk": 26, "fields": {"prompt": "Less than 2 weeks before eloping", "description": null, "answer_type": 6, "params": null}}, {"model": "dataentry.question", "pk": 27, "fields": {"prompt": "2-12 weeks before eloping", "description": null, "answer_type": 6, "params": null}}, {"model": "dataentry.question", "pk": 28, "fields": {"prompt": "Cast not the same as alleged relative", "description": null, "answer_type": 6, "params": null}}, {"model": "dataentry.question", "pk": 30, "fields": {"prompt": "Caught in a lie or contradiction", "description": null, "answer_type": 6, "params": null}}, {"model": "dataentry.question", "pk": 31, "fields": {"prompt": "Other red flag", "description": null, "answer_type": 6, "params": {"textbox": "True"}}}, {"model": "dataentry.question", "pk": 32, "fields": {"prompt": "Was crossing the border but didn't know going to India", "description": null, "answer_type": 6, "params": null}}, {"model": "dataentry.question", "pk": 36, "fields": {"prompt": "Job", "description": null, "answer_type": 6, "params": null}}, {"model": "dataentry.question", "pk": 37, "fields": {"prompt": "Visit/Family/Returning Home", "description": null, "answer_type": 6, "params": null}}, {"model": "dataentry.question", "pk": 38, "fields": {"prompt": "Shopping", "description": null, "answer_type": 6, "params": null}}, {"model": "dataentry.question", "pk": 39, "fields": {"prompt": "Study", "description": null, "answer_type": 6, "params": null}}, {"model": "dataentry.question", "pk": 40, "fields": {"prompt": "Treatment", "description": null, "answer_type": 6, "params": null}}, {"model": "dataentry.question", "pk": 41, "fields": {"prompt": "Runaway", "description": null, "answer_type": 6, "params": null}}, {"model": "dataentry.question", "pk": 42, "fields": {"prompt": "Relationship", "description": null, "answer_type": 6, "params": null}}, {"model": "dataentry.question", "pk": 45, "fields": {"prompt": "Does not know details of school", "description": null, "answer_type": 6, "params": null}}, {"model": "dataentry.question", "pk": 51, "fields": {"prompt": "No address in India", "description": null, "answer_type": 6, "params": null}}, {"model": "dataentry.question", "pk": 52, "fields": {"prompt": "No company phone number", "description": null, "answer_type": 6, "params": null}}, {"model": "dataentry.question", "pk": 53, "fields": {"prompt": "No appointment Letter", "description": null, "answer_type": 6, "params": null}}, {"model": "dataentry.question", "pk": 54, "fields": {"prompt": "Has a valid gulf country visa in passport", "description": null, "answer_type": 6, "params": null}}, {"model": "dataentry.question", "pk": 55, "fields": {"prompt": "Passport is with a broker", "description": null, "answer_type": 6, "params": null}}, {"model": "dataentry.question", "pk": 56, "fields": {"prompt": "Job is too good to be true", "description": null, "answer_type": 6, "params": null}}, {"model": "dataentry.question", "pk": 57, "fields": {"prompt": "Not a real job", "description": null, "answer_type": 6, "params": null}}, {"model": "dataentry.question", "pk": 58, "fields": {"prompt": "Could not confirm job", "description": null, "answer_type": 6, "params": null}}, {"model": "dataentry.question", "pk": 59, "fields": {"prompt": "No bags through claim to be going for a long time", "description": null, "answer_type": 6, "params": null}}, {"model": "dataentry.question", "pk": 60, "fields": {"prompt": "Shopping - stuff for overnight stay in bags", "description": null, "answer_type": 6, "params": null}}, {"model": "dataentry.question", "pk": 61, "fields": {"prompt": "No documentation of enrollment", "description": null, "answer_type": 6, "params": null}}, {"model": "dataentry.question", "pk": 62, "fields": {"prompt": "Does not know school's name and location", "description": null, "answer_type": 6, "params": null}}, {"model": "dataentry.question", "pk": 63, "fields": {"prompt": "No phone number for school", "description": null, "answer_type": 6, "params": null}}, {"model": "dataentry.question", "pk": 64, "fields": {"prompt": "Not enrolled in school", "description": null, "answer_type": 6, "params": null}}, {"model": "dataentry.question", "pk": 65, "fields": {"prompt": "Reluctant to give info about treatment", "description": null, "answer_type": 6, "params": null}}, {"model": "dataentry.question", "pk": 66, "fields": {"prompt": "Does not have medical documents", "description": null, "answer_type": 6, "params": null}}, {"model": "dataentry.question", "pk": 67, "fields": {"prompt": "Fake medical documents", "description": null, "answer_type": 6, "params": null}}, {"model": "dataentry.question", "pk": 68, "fields": {"prompt": "No medical appointment", "description": null, "answer_type": 6, "params": null}}, {"model": "dataentry.question", "pk": 69, "fields": {"prompt": "Running away from home (18 yrs or older)", "description": null, "answer_type": 6, "params": null}}, {"model": "dataentry.question", "pk": 70, "fields": {"prompt": "Running away from home (under 18 yrs old)", "description": null, "answer_type": 6, "params": null}}, {"model": "dataentry.question", "pk": 71, "fields": {"prompt": "Doesn't know details about village", "description": null, "answer_type": 6, "params": null}}, {"model": "dataentry.question", "pk": 72, "fields": {"prompt": "Reluctant to give info about village", "description": null, "answer_type": 6, "params": null}}, {"model": "dataentry.question", "pk": 73, "fields": {"prompt": "Reluctant to give family info", "description": null, "answer_type": 6, "params": null}}, {"model": "dataentry.question", "pk": 74, "fields": {"prompt": "Will not give family info", "description": null, "answer_type": 6, "params": null}}, {"model": "dataentry.question", "pk": 77, "fields": {"prompt": "No family contact established", "description": null, "answer_type": 6, "params": null}}, {"model": "dataentry.question", "pk": 78, "fields": {"prompt": "Family doesn't know where they are going", "description": null, "answer_type": 6, "params": null}}, {"model": "dataentry.question", "pk": 79, "fields": {"prompt": "Family unwilling to let them go", "description": null, "answer_type": 6, "params": null}}, {"model": "dataentry.question", "pk": 80, "fields": {"prompt": "Family members do not know where they are going", "description": null, "answer_type": 6, "params": null}}, {"model": "dataentry.question", "pk": 81, "fields": {"prompt": "Family members are unwilling to let them go", "description": null, "answer_type": 6, "params": null}}, {"model": "dataentry.question", "pk": 82, "fields": {"prompt": "Which family member did you talk to?", "description": null, "answer_type": 4, "params": null}}, {"model": "dataentry.question", "pk": 91, "fields": {"prompt": "How did you make the interception", "description": "who noticed", "answer_type": 4, "params": null}}, {"model": "dataentry.question", "pk": 92, "fields": {"prompt": "", "description": "contact who noticed", "answer_type": 4, "params": null}}, {"model": "dataentry.question", "pk": 95, "fields": {"prompt": "Asian Female", "description": null, "answer_type": 6, "params": null}}, {"model": "dataentry.question", "pk": 96, "fields": {"prompt": "Pakistani Male", "description": null, "answer_type": 6, "params": null}}, {"model": "dataentry.question", "pk": 102, "fields": {"prompt": "Did you pay the contact for this information?", "description": null, "answer_type": 4, "params": null}}, {"model": "dataentry.question", "pk": 104, "fields": {"prompt": "How much?", "description": "How much paid for information", "answer_type": 1, "params": null}}, {"model": "dataentry.question", "pk": 106, "fields": {"prompt": "Staff who noticed", "description": null, "answer_type": 1, "params": null}}, {"model": "dataentry.question", "pk": 111, "fields": {"prompt": "Hesitant", "description": null, "answer_type": 6, "params": null}}, {"model": "dataentry.question", "pk": 112, "fields": {"prompt": "Nervious or afraid", "description": null, "answer_type": 6, "params": null}}, {"model": "dataentry.question", "pk": 113, "fields": {"prompt": "Hurrying", "description": null, "answer_type": 6, "params": null}}, {"model": "dataentry.question", "pk": 114, "fields": {"prompt": "Drugged or drowsy", "description": null, "answer_type": 6, "params": null}}, {"model": "dataentry.question", "pk": 115, "fields": {"prompt": "New clothes", "description": null, "answer_type": 6, "params": null}}, {"model": "dataentry.question", "pk": 116, "fields": {"prompt": "Dirty clothes", "description": null, "answer_type": 6, "params": null}}, {"model": "dataentry.question", "pk": 117, "fields": {"prompt": "Carrying Full bags", "description": null, "answer_type": 6, "params": null}}, {"model": "dataentry.question", "pk": 118, "fields": {"prompt": "Village Dress", "description": null, "answer_type": 6, "params": null}}, {"model": "dataentry.question", "pk": 119, "fields": {"prompt": "Indian looking", "description": null, "answer_type": 6, "params": null}}, {"model": "dataentry.question", "pk": 120, "fields": {"prompt": "Typical village look", "description": null, "answer_type": 6, "params": null}}, {"model": "dataentry.question", "pk": 121, "fields": {"prompt": "Looked like agent", "description": null, "answer_type": 6, "params": null}}, {"model": "dataentry.question", "pk": 122, "fields": {"prompt": "Caste difference", "description": null, "answer_type": 6, "params": null}}, {"model": "dataentry.question", "pk": 123, "fields": {"prompt": "Young looking", "description": null, "answer_type": 6, "params": null}}, {"model": "dataentry.question", "pk": 124, "fields": {"prompt": "Waiting/sitting", "description": null, "answer_type": 6, "params": null}}, {"model": "dataentry.question", "pk": 125, "fields": {"prompt": "On a train", "description": null, "answer_type": 6, "params": null}}, {"model": "dataentry.question", "pk": 126, "fields": {"prompt": "Roaming around", "description": null, "answer_type": 6, "params": null}}, {"model": "dataentry.question", "pk": 127, "fields": {"prompt": "Exiting vehicle", "description": null, "answer_type": 6, "params": null}}, {"model": "dataentry.question", "pk": 128, "fields": {"prompt": "Heading to vehicle", "description": null, "answer_type": 6, "params": null}}, {"model": "dataentry.question", "pk": 129, "fields": {"prompt": "In a vehicle", "description": null, "answer_type": 6, "params": null}}, {"model": "dataentry.question", "pk": 130, "fields": {"prompt": "In a rickshaw", "description": null, "answer_type": 6, "params": null}}, {"model": "dataentry.question", "pk": 131, "fields": {"prompt": "In a cart", "description": null, "answer_type": 6, "params": null}}, {"model": "dataentry.question", "pk": 132, "fields": {"prompt": "Carrying a baby", "description": null, "answer_type": 6, "params": null}}, {"model": "dataentry.question", "pk": 133, "fields": {"prompt": "On the phone", "description": null, "answer_type": 6, "params": null}}, {"model": "dataentry.question", "pk": 134, "fields": {"prompt": "Other sign", "description": null, "answer_type": 6, "params": {"textbox": "True"}}}, {"model": "dataentry.question", "pk": 141, "fields": {"prompt": "Type of Intercept", "description": null, "answer_type": 4, "params": null}}, {"model": "dataentry.question", "pk": 142, "fields": {"prompt": "What is the primary reason you believed this case qualified?", "description": "case notes", "answer_type": 1, "params": {"value": "private"}}}, {"model": "dataentry.question", "pk": 143, "fields": {"prompt": "Reported Total Red Flag Points", "description": null, "answer_type": 2, "params": null}}, {"model": "dataentry.question", "pk": 144, "fields": {"prompt": "Total Red Flags", "description": "Computed Total Red Flags", "answer_type": 2, "params": null}}, {"model": "dataentry.question", "pk": 146, "fields": {"prompt": "Case Notes", "description": null, "answer_type": 1, "params": null}}, {"model": "dataentry.question", "pk": 147, "fields": {"prompt": "How sure are you that it was trafficking case?", "description": null, "answer_type": 5, "params": null}}, {"model": "dataentry.question", "pk": 148, "fields": {"prompt": "Her parents used their authority and prevented victim", "description": null, "answer_type": 6, "params": null}}, {"model": "dataentry.question", "pk": 149, "fields": {"prompt": "THN staff conviced victim not to go", "description": null, "answer_type": 6, "params": {"textbox": "True"}}}, {"model": "dataentry.question", "pk": 150, "fields": {"prompt": "The police forced the victim to stop", "description": null, "answer_type": 6, "params": null}}, {"model": "dataentry.question", "pk": 151, "fields": {"prompt": "Scanned form has signature", "description": null, "answer_type": 6, "params": null}}, {"model": "dataentry.question", "pk": 152, "fields": {"prompt": "Attach scanned copy of form (pdf or image)", "description": null, "answer_type": 12, "params": {"subdirectory": "scanned_irf_forms/"}}}, {"model": "dataentry.question", "pk": 153, "fields": {"prompt": "Bangladeshi Male", "description": null, "answer_type": 6, "params": null}}, {"model": "dataentry.question", "pk": 154, "fields": {"prompt": "Nepali Male", "description": null, "answer_type": 6, "params": null}}, {"model": "dataentry.question", "pk": 155, "fields": {"prompt": "African Female", "description": null, "answer_type": 6, "params": null}}, {"model": "dataentry.question", "pk": 156, "fields": {"prompt": "Ethipoian Female", "description": null, "answer_type": 6, "params": null}}, {"model": "dataentry.question", "pk": 157, "fields": {"prompt": "Eastern Europe Female", "description": null, "answer_type": 6, "params": null}}, {"model": "dataentry.question", "pk": 158, "fields": {"prompt": "Any African child", "description": null, "answer_type": 6, "params": null}}, {"model": "dataentry.question", "pk": 159, "fields": {"prompt": "Malawian Female", "description": null, "answer_type": 6, "params": null}}, {"model": "dataentry.question", "pk": 160, "fields": {"prompt": "Other", "description": null, "answer_type": 6, "params": null}}, {"model": "dataentry.question", "pk": 161, "fields": {"prompt": "Signs of Drug withdrawl", "description": null, "answer_type": 6, "params": null}}, {"model": "dataentry.question", "pk": 162, "fields": {"prompt": "Signs of Abuse", "description": null, "answer_type": 6, "params": null}}, {"model": "dataentry.question", "pk": 163, "fields": {"prompt": "Disorientated/Uncertain", "description": null, "answer_type": 6, "params": null}}, {"model": "dataentry.question", "pk": 164, "fields": {"prompt": "Impoverished", "description": null, "answer_type": 6, "params": null}}, {"model": "dataentry.question", "pk": 165, "fields": {"prompt": "Long journey but little luggage", "description": null, "answer_type": 6, "params": null}}, {"model": "dataentry.question", "pk": 166, "fields": {"prompt": "Revealing clothing", "description": null, "answer_type": 6, "params": null}}, {"model": "dataentry.question", "pk": 167, "fields": {"prompt": "Avoiding officials/hesitant to talk", "description": null, "answer_type": 6, "params": null}}, {"model": "dataentry.question", "pk": 168, "fields": {"prompt": "Lady boy", "description": null, "answer_type": 6, "params": null}}, {"model": "dataentry.question", "pk": 169, "fields": {"prompt": "Group that does not know each other", "description": null, "answer_type": 6, "params": null}}, {"model": "dataentry.question", "pk": 170, "fields": {"prompt": "With a chaperone", "description": null, "answer_type": 6, "params": null}}, {"model": "dataentry.question", "pk": 171, "fields": {"prompt": "Imposter", "description": null, "answer_type": 6, "params": null}}, {"model": "dataentry.question", "pk": 172, "fields": {"prompt": "Fake", "description": null, "answer_type": 6, "params": null}}, {"model": "dataentry.question", "pk": 173, "fields": {"prompt": "Illegally obtained", "description": null, "answer_type": 6, "params": null}}, {"model": "dataentry.question", "pk": 174, "fields": {"prompt": "Expired", "description": null, "answer_type": 6, "params": null}}, {"model": "dataentry.question", "pk": 176, "fields": {"prompt": "None", "description": null, "answer_type": 6, "params": null}}, {"model": "dataentry.question", "pk": 177, "fields": {"prompt": "Fake", "description": null, "answer_type": 6, "params": null}}, {"model": "dataentry.question", "pk": 178, "fields": {"prompt": "Misuse - for purposes other than issued", "description": null, "answer_type": 6, "params": null}}, {"model": "dataentry.question", "pk": 179, "fields": {"prompt": "Nature of travel", "description": null, "answer_type": 6, "params": null}}, {"model": "dataentry.question", "pk": 180, "fields": {"prompt": "Duration of travel", "description": null, "answer_type": 6, "params": null}}, {"model": "dataentry.question", "pk": 181, "fields": {"prompt": "Destination of travel", "description": null, "answer_type": 6, "params": null}}, {"model": "dataentry.question", "pk": 182, "fields": {"prompt": "None", "description": null, "answer_type": 6, "params": null}}, {"model": "dataentry.question", "pk": 183, "fields": {"prompt": "Fake", "description": null, "answer_type": 6, "params": null}}, {"model": "dataentry.question", "pk": 184, "fields": {"prompt": "Insufficient", "description": null, "answer_type": 6, "params": null}}, {"model": "dataentry.question", "pk": 185, "fields": {"prompt": "Inaccurate", "description": null, "answer_type": 6, "params": null}}, {"model": "dataentry.question", "pk": 186, "fields": {"prompt": "One way ticket", "description": null, "answer_type": 6, "params": null}}, {"model": "dataentry.question", "pk": 187, "fields": {"prompt": "Middle east", "description": null, "answer_type": 6, "params": null}}, {"model": "dataentry.question", "pk": 188, "fields": {"prompt": "Ireland", "description": null, "answer_type": 6, "params": null}}, {"model": "dataentry.question", "pk": 189, "fields": {"prompt": "Manchester", "description": null, "answer_type": 6, "params": null}}, {"model": "dataentry.question", "pk": 190, "fields": {"prompt": "Swaziland", "description": null, "answer_type": 6, "params": null}}, {"model": "dataentry.question", "pk": 191, "fields": {"prompt": "Mozambique", "description": null, "answer_type": 6, "params": null}}, {"model": "dataentry.question", "pk": 192, "fields": {"prompt": "Nigeria", "description": null, "answer_type": 6, "params": null}}, {"model": "dataentry.question", "pk": 193, "fields": {"prompt": "Does not speak English/local language", "description": null, "answer_type": 6, "params": null}}, {"model": "dataentry.question", "pk": 194, "fields": {"prompt": "Cannot support themselves financially", "description": null, "answer_type": 6, "params": null}}, {"model": "dataentry.question", "pk": 195, "fields": {"prompt": "Does not know details of travel", "description": null, "answer_type": 6, "params": null}}, {"model": "dataentry.question", "pk": 196, "fields": {"prompt": "Is in debt to host/employer/recruiter", "description": null, "answer_type": 6, "params": null}}, {"model": "dataentry.question", "pk": 197, "fields": {"prompt": "Afraid of host/employer/recfuiter", "description": null, "answer_type": 6, "params": null}}, {"model": "dataentry.question", "pk": 198, "fields": {"prompt": "Being forced", "description": null, "answer_type": 6, "params": null}}, {"model": "dataentry.question", "pk": 201, "fields": {"prompt": "Massage parlor", "description": null, "answer_type": 6, "params": null}}, {"model": "dataentry.question", "pk": 202, "fields": {"prompt": "Dance/modeling, domestic work, casino, bush lodge, conferences, soccer", "description": null, "answer_type": 6, "params": null}}, {"model": "dataentry.question", "pk": 203, "fields": {"prompt": "Place does not exist", "description": null, "answer_type": 6, "params": null}}, {"model": "dataentry.question", "pk": 204, "fields": {"prompt": "No job offer", "description": null, "answer_type": 6, "params": null}}, {"model": "dataentry.question", "pk": 205, "fields": {"prompt": "Unable to verify", "description": null, "answer_type": 6, "params": null}}, {"model": "dataentry.question", "pk": 206, "fields": {"prompt": "Employer reluctant to give information to victim", "description": null, "answer_type": 6, "params": null}}, {"model": "dataentry.question", "pk": 207, "fields": {"prompt": "Visiting a boyfriend", "description": null, "answer_type": 6, "params": null}}, {"model": "dataentry.question", "pk": 208, "fields": {"prompt": "Attending an event", "description": null, "answer_type": 6, "params": null}}, {"model": "dataentry.question", "pk": 209, "fields": {"prompt": "Evidence of intention to work", "description": null, "answer_type": 6, "params": null}}, {"model": "dataentry.question", "pk": 210, "fields": {"prompt": "Does not know host well/No clear connection to host", "description": null, "answer_type": 6, "params": null}}, {"model": "dataentry.question", "pk": 211, "fields": {"prompt": "No travel itinerary", "description": null, "answer_type": 6, "params": null}}, {"model": "dataentry.question", "pk": 212, "fields": {"prompt": "Abnormally short stay", "description": null, "answer_type": 6, "params": null}}, {"model": "dataentry.question", "pk": 213, "fields": {"prompt": "Met on social media", "description": null, "answer_type": 6, "params": null}}, {"model": "dataentry.question", "pk": 214, "fields": {"prompt": "Married in the past 2 months", "description": null, "answer_type": 6, "params": null}}, {"model": "dataentry.question", "pk": 215, "fields": {"prompt": "Never met in person", "description": null, "answer_type": 6, "params": null}}, {"model": "dataentry.question", "pk": 216, "fields": {"prompt": "Coming to get married", "description": null, "answer_type": 6, "params": null}}, {"model": "dataentry.question", "pk": 217, "fields": {"prompt": "Do not speak the same language", "description": null, "answer_type": 6, "params": null}}, {"model": "dataentry.question", "pk": 218, "fields": {"prompt": "Arranged by someone else", "description": null, "answer_type": 6, "params": null}}, {"model": "dataentry.question", "pk": 219, "fields": {"prompt": "School does not exist", "description": null, "answer_type": 6, "params": null}}, {"model": "dataentry.question", "pk": 221, "fields": {"prompt": "Does not know details of course", "description": null, "answer_type": 6, "params": null}}, {"model": "dataentry.question", "pk": 223, "fields": {"prompt": "Does not know when course starts", "description": null, "answer_type": 6, "params": null}}, {"model": "dataentry.question", "pk": 225, "fields": {"prompt": "Claims not to know them", "description": null, "answer_type": 6, "params": null}}, {"model": "dataentry.question", "pk": 226, "fields": {"prompt": "Inviting them on behalf of someone else", "description": null, "answer_type": 6, "params": null}}, {"model": "dataentry.question", "pk": 227, "fields": {"prompt": "Illogical story", "description": null, "answer_type": 6, "params": null}}, {"model": "dataentry.question", "pk": 228, "fields": {"prompt": "Offered a bribe", "description": null, "answer_type": 6, "params": null}}, {"model": "dataentry.question", "pk": 229, "fields": {"prompt": "Has paid for flight", "description": null, "answer_type": 6, "params": null}}, {"model": "dataentry.question", "pk": 230, "fields": {"prompt": "Flight was paid for in cash", "description": null, "answer_type": 6, "params": null}}, {"model": "dataentry.question", "pk": 231, "fields": {"prompt": "Offering to pay all expenses without explanation", "description": null, "answer_type": 6, "params": null}}, {"model": "dataentry.question", "pk": 232, "fields": {"prompt": "No determined payback terms", "description": null, "answer_type": 6, "params": null}}, {"model": "dataentry.question", "pk": 233, "fields": {"prompt": "Not in country legally", "description": null, "answer_type": 6, "params": null}}, {"model": "dataentry.question", "pk": 234, "fields": {"prompt": "Is a know trafficker", "description": null, "answer_type": 6, "params": null}}, {"model": "dataentry.question", "pk": 235, "fields": {"prompt": "Associated to known trafficker", "description": null, "answer_type": 6, "params": null}}, {"model": "dataentry.question", "pk": 236, "fields": {"prompt": "Involved in illegal activity", "description": null, "answer_type": 6, "params": null}}, {"model": "dataentry.question", "pk": 237, "fields": {"prompt": "Provided false details", "description": null, "answer_type": 6, "params": null}}, {"model": "dataentry.question", "pk": 239, "fields": {"prompt": "No affidavit/birth certificate", "description": null, "answer_type": 6, "params": null}}, {"model": "dataentry.question", "pk": 240, "fields": {"prompt": "Child fearful of handler", "description": null, "answer_type": 6, "params": null}}, {"model": "dataentry.question", "pk": 241, "fields": {"prompt": "Not being escorted by direct relative", "description": null, "answer_type": 6, "params": null}}, {"model": "dataentry.question", "pk": 242, "fields": {"prompt": "Missed Call", "description": null, "answer_type": 6, "params": null}}, {"model": "dataentry.question", "pk": 243, "fields": {"prompt": "Facebook", "description": null, "answer_type": 6, "params": null}}, {"model": "dataentry.question", "pk": 244, "fields": {"prompt": "Other website", "description": null, "answer_type": 6, "params": {"textbox": "True"}}}, {"model": "dataentry.question", "pk": 245, "fields": {"prompt": "Destination", "description": null, "answer_type": 1, "params": null}}, {"model": "dataentry.question", "pk": 246, "fields": {"prompt": "Doesn't know where they are going", "description": null, "answer_type": 6, "params": null}}, {"model": "dataentry.question", "pk": 247, "fields": {"prompt": "Someone (not a relative) paid their travel expenses", "description": null, "answer_type": 6, "params": null}}, {"model": "dataentry.question", "pk": 248, "fields": {"prompt": "Don't know the details of what they will be doing", "description": null, "answer_type": 6, "params": null}}, {"model": "dataentry.question", "pk": 249, "fields": {"prompt": "Call Subcommitte Chairperson/Vice-Chairperson/Secretary", "description": null, "answer_type": 6, "params": null}}, {"model": "dataentry.question", "pk": 251, "fields": {"prompt": "Meeting someone they haven't met before", "description": null, "answer_type": 6, "params": null}}, {"model": "dataentry.question", "pk": 252, "fields": {"prompt": "Wife/girl is Nepali/Bengali", "description": null, "answer_type": 6, "params": null}}, {"model": "dataentry.question", "pk": 253, "fields": {"prompt": "Wife/girl is Indian and under 18", "description": null, "answer_type": 6, "params": null}}, {"model": "dataentry.question", "pk": 254, "fields": {"prompt": "Running away from India (under 18)", "description": null, "answer_type": 6, "params": null}}, {"model": "dataentry.question", "pk": 255, "fields": {"prompt": "Someone enticed them to leave", "description": null, "answer_type": 6, "params": null}}, {"model": "dataentry.question", "pk": 256, "fields": {"prompt": "Call Project Manager to confirm interept", "description": null, "answer_type": 6, "params": null}}, {"model": "dataentry.question", "pk": 257, "fields": {"prompt": "Handler's stories are inconsistent", "description": null, "answer_type": 6, "params": null}}, {"model": "dataentry.question", "pk": 258, "fields": {"prompt": "Handler falsely claims to be relative", "description": null, "answer_type": 6, "params": null}}, {"model": "dataentry.question", "pk": 259, "fields": {"prompt": "Handler involved in criminal activity", "description": null, "answer_type": 6, "params": null}}, {"model": "dataentry.question", "pk": 260, "fields": {"prompt": "Full Name of Relative Contacted", "description": null, "answer_type": 1, "params": null}}, {"model": "dataentry.question", "pk": 261, "fields": {"prompt": "Name of Contact", "description": null, "answer_type": 1, "params": null}}, {"model": "dataentry.question", "pk": 262, "fields": {"prompt": "What sign(s) intiallly drew your attention to them", "description": null, "answer_type": 1, "params": null}}, {"model": "dataentry.question", "pk": 263, "fields": {"prompt": "Interception Made?", "description": null, "answer_type": 4, "params": null}}, {"model": "dataentry.question", "pk": 264, "fields": {"prompt": "Handed over to", "description": null, "answer_type": 1, "params": null}},{"model": "dataentry.questionlayout", "pk": 1, "fields": {"question": 1, "category": 1, "weight": 0}}, {"model": "dataentry.questionlayout", "pk": 2, "fields": {"question": 2, "category": 1, "weight": 0}}, {"model": "dataentry.questionlayout", "pk": 3, "fields": {"question": 3, "category": 1, "weight": 0}}, {"model": "dataentry.questionlayout", "pk": 4, "fields": {"question": 4, "category": 1, "weight": 0}}, {"model": "dataentry.questionlayout", "pk": 5, "fields": {"question": 5, "category": 1, "weight": 0}}, {"model": "dataentry.questionlayout", "pk": 6, "fields": {"question": 6, "category": 1, "weight": 0}}, {"model": "dataentry.questionlayout", "pk": 7, "fields": {"question": 10, "category": 2, "weight": 0}}, {"model": "dataentry.questionlayout", "pk": 8, "fields": {"question": 12, "category": 2, "weight": 0}}, {"model": "dataentry.questionlayout", "pk": 9, "fields": {"question": 13, "category": 2, "weight": 0}}, {"model": "dataentry.questionlayout", "pk": 10, "fields": {"question": 14, "category": 2, "weight": 0}}, {"model": "dataentry.questionlayout", "pk": 11, "fields": {"question": 17, "category": 2, "weight": 0}}, {"model": "dataentry.questionlayout", "pk": 12, "fields": {"question": 21, "category": 2, "weight": 0}}, {"model": "dataentry.questionlayout", "pk": 13, "fields": {"question": 22, "category": 2, "weight": 0}}, {"model": "dataentry.questionlayout", "pk": 14, "fields": {"question": 23, "category": 2, "weight": 0}}, {"model": "dataentry.questionlayout", "pk": 15, "fields": {"question": 24, "category": 2, "weight": 0}}, {"model": "dataentry.questionlayout", "pk": 16, "fields": {"question": 25, "category": 2, "weight": 0}}, {"model": "dataentry.questionlayout", "pk": 17, "fields": {"question": 26, "category": 2, "weight": 0}}, {"model": "dataentry.questionlayout", "pk": 18, "fields": {"question": 27, "category": 2, "weight": 0}}, {"model": "dataentry.questionlayout", "pk": 19, "fields": {"question": 28, "category": 2, "weight": 0}}, {"model": "dataentry.questionlayout", "pk": 20, "fields": {"question": 30, "category": 2, "weight": 0}}, {"model": "dataentry.questionlayout", "pk": 21, "fields": {"question": 31, "category": 2, "weight": 0}}, {"model": "dataentry.questionlayout", "pk": 22, "fields": {"question": 32, "category": 3, "weight": 0}}, {"model": "dataentry.questionlayout", "pk": 23, "fields": {"question": 70, "category": 3, "weight": 0}}, {"model": "dataentry.questionlayout", "pk": 24, "fields": {"question": 69, "category": 3, "weight": 0}}, {"model": "dataentry.questionlayout", "pk": 25, "fields": {"question": 36, "category": 3, "weight": 0}}, {"model": "dataentry.questionlayout", "pk": 26, "fields": {"question": 37, "category": 3, "weight": 0}}, {"model": "dataentry.questionlayout", "pk": 27, "fields": {"question": 38, "category": 3, "weight": 0}}, {"model": "dataentry.questionlayout", "pk": 28, "fields": {"question": 39, "category": 3, "weight": 0}}, {"model": "dataentry.questionlayout", "pk": 29, "fields": {"question": 40, "category": 3, "weight": 0}}, {"model": "dataentry.questionlayout", "pk": 30, "fields": {"question": 41, "category": 3, "weight": 0}}, {"model": "dataentry.questionlayout", "pk": 31, "fields": {"question": 51, "category": 3, "weight": 0}}, {"model": "dataentry.questionlayout", "pk": 32, "fields": {"question": 52, "category": 3, "weight": 0}}, {"model": "dataentry.questionlayout", "pk": 33, "fields": {"question": 53, "category": 3, "weight": 0}}, {"model": "dataentry.questionlayout", "pk": 34, "fields": {"question": 54, "category": 3, "weight": 0}}, {"model": "dataentry.questionlayout", "pk": 35, "fields": {"question": 55, "category": 3, "weight": 0}}, {"model": "dataentry.questionlayout", "pk": 36, "fields": {"question": 56, "category": 3, "weight": 0}}, {"model": "dataentry.questionlayout", "pk": 37, "fields": {"question": 57, "category": 3, "weight": 0}}, {"model": "dataentry.questionlayout", "pk": 38, "fields": {"question": 58, "category": 3, "weight": 0}}, {"model": "dataentry.questionlayout", "pk": 39, "fields": {"question": 59, "category": 3, "weight": 0}}, {"model": "dataentry.questionlayout", "pk": 40, "fields": {"question": 60, "category": 3, "weight": 0}}, {"model": "dataentry.questionlayout", "pk": 41, "fields": {"question": 61, "category": 3, "weight": 0}}, {"model": "dataentry.questionlayout", "pk": 42, "fields": {"question": 62, "category": 3, "weight": 0}}, {"model": "dataentry.questionlayout", "pk": 43, "fields": {"question": 63, "category": 3, "weight": 0}}, {"model": "dataentry.questionlayout", "pk": 44, "fields": {"question": 64, "category": 3, "weight": 0}}, {"model": "dataentry.questionlayout", "pk": 45, "fields": {"question": 65, "category": 3, "weight": 0}}, {"model": "dataentry.questionlayout", "pk": 46, "fields": {"question": 66, "category": 3, "weight": 0}}, {"model": "dataentry.questionlayout", "pk": 47, "fields": {"question": 67, "category": 3, "weight": 0}}, {"model": "dataentry.questionlayout", "pk": 48, "fields": {"question": 68, "category": 3, "weight": 0}}, {"model": "dataentry.questionlayout", "pk": 49, "fields": {"question": 71, "category": 4, "weight": 0}}, {"model": "dataentry.questionlayout", "pk": 50, "fields": {"question": 72, "category": 4, "weight": 0}}, {"model": "dataentry.questionlayout", "pk": 51, "fields": {"question": 73, "category": 4, "weight": 0}}, {"model": "dataentry.questionlayout", "pk": 52, "fields": {"question": 74, "category": 4, "weight": 0}}, {"model": "dataentry.questionlayout", "pk": 53, "fields": {"question": 77, "category": 4, "weight": 0}}, {"model": "dataentry.questionlayout", "pk": 54, "fields": {"question": 78, "category": 4, "weight": 0}}, {"model": "dataentry.questionlayout", "pk": 55, "fields": {"question": 79, "category": 4, "weight": 0}}, {"model": "dataentry.questionlayout", "pk": 56, "fields": {"question": 80, "category": 4, "weight": 0}}, {"model": "dataentry.questionlayout", "pk": 57, "fields": {"question": 81, "category": 4, "weight": 0}}, {"model": "dataentry.questionlayout", "pk": 58, "fields": {"question": 82, "category": 4, "weight": 0}}, {"model": "dataentry.questionlayout", "pk": 59, "fields": {"question": 7, "category": 6, "weight": 0}}, {"model": "dataentry.questionlayout", "pk": 60, "fields": {"question": 8, "category": 6, "weight": 0}}, {"model": "dataentry.questionlayout", "pk": 61, "fields": {"question": 9, "category": 6, "weight": 0}}, {"model": "dataentry.questionlayout", "pk": 62, "fields": {"question": 91, "category": 5, "weight": 0}}, {"model": "dataentry.questionlayout", "pk": 64, "fields": {"question": 106, "category": 5, "weight": 0}}, {"model": "dataentry.questionlayout", "pk": 65, "fields": {"question": 147, "category": 7, "weight": 0}}, {"model": "dataentry.questionlayout", "pk": 66, "fields": {"question": 92, "category": 5, "weight": 0}}, {"model": "dataentry.questionlayout", "pk": 67, "fields": {"question": 102, "category": 5, "weight": 0}}, {"model": "dataentry.questionlayout", "pk": 68, "fields": {"question": 104, "category": 5, "weight": 0}}, {"model": "dataentry.questionlayout", "pk": 69, "fields": {"question": 111, "category": 5, "weight": 0}}, {"model": "dataentry.questionlayout", "pk": 70, "fields": {"question": 112, "category": 5, "weight": 0}}, {"model": "dataentry.questionlayout", "pk": 71, "fields": {"question": 113, "category": 5, "weight": 0}}, {"model": "dataentry.questionlayout", "pk": 72, "fields": {"question": 114, "category": 5, "weight": 0}}, {"model": "dataentry.questionlayout", "pk": 73, "fields": {"question": 115, "category": 5, "weight": 0}}, {"model": "dataentry.questionlayout", "pk": 74, "fields": {"question": 116, "category": 5, "weight": 0}}, {"model": "dataentry.questionlayout", "pk": 75, "fields": {"question": 117, "category": 5, "weight": 0}}, {"model": "dataentry.questionlayout", "pk": 76, "fields": {"question": 118, "category": 5, "weight": 0}}, {"model": "dataentry.questionlayout", "pk": 77, "fields": {"question": 119, "category": 5, "weight": 0}}, {"model": "dataentry.questionlayout", "pk": 78, "fields": {"question": 120, "category": 5, "weight": 0}}, {"model": "dataentry.questionlayout", "pk": 79, "fields": {"question": 121, "category": 5, "weight": 0}}, {"model": "dataentry.questionlayout", "pk": 80, "fields": {"question": 122, "category": 5, "weight": 0}}, {"model": "dataentry.questionlayout", "pk": 81, "fields": {"question": 123, "category": 5, "weight": 0}}, {"model": "dataentry.questionlayout", "pk": 82, "fields": {"question": 124, "category": 5, "weight": 0}}, {"model": "dataentry.questionlayout", "pk": 83, "fields": {"question": 125, "category": 5, "weight": 0}}, {"model": "dataentry.questionlayout", "pk": 84, "fields": {"question": 126, "category": 5, "weight": 0}}, {"model": "dataentry.questionlayout", "pk": 85, "fields": {"question": 127, "category": 5, "weight": 0}}, {"model": "dataentry.questionlayout", "pk": 86, "fields": {"question": 128, "category": 5, "weight": 0}}, {"model": "dataentry.questionlayout", "pk": 87, "fields": {"question": 129, "category": 5, "weight": 0}}, {"model": "dataentry.questionlayout", "pk": 88, "fields": {"question": 130, "category": 5, "weight": 0}}, {"model": "dataentry.questionlayout", "pk": 89, "fields": {"question": 131, "category": 5, "weight": 0}}, {"model": "dataentry.questionlayout", "pk": 90, "fields": {"question": 132, "category": 5, "weight": 0}}, {"model": "dataentry.questionlayout", "pk": 91, "fields": {"question": 133, "category": 5, "weight": 0}}, {"model": "dataentry.questionlayout", "pk": 92, "fields": {"question": 134, "category": 5, "weight": 0}}, {"model": "dataentry.questionlayout", "pk": 93, "fields": {"question": 142, "category": 7, "weight": 0}}, {"model": "dataentry.questionlayout", "pk": 94, "fields": {"question": 141, "category": 7, "weight": 0}}, {"model": "dataentry.questionlayout", "pk": 96, "fields": {"question": 148, "category": 7, "weight": 0}}, {"model": "dataentry.questionlayout", "pk": 97, "fields": {"question": 149, "category": 7, "weight": 0}}, {"model": "dataentry.questionlayout", "pk": 98, "fields": {"question": 150, "category": 7, "weight": 0}}, {"model": "dataentry.questionlayout", "pk": 99, "fields": {"question": 151, "category": 7, "weight": 0}}, {"model": "dataentry.questionlayout", "pk": 100, "fields": {"question": 152, "category": 7, "weight": 0}}, {"model": "dataentry.questionlayout", "pk": 101, "fields": {"question": 1, "category": 8, "weight": 0}}, {"model": "dataentry.questionlayout", "pk": 102, "fields": {"question": 2, "category": 8, "weight": 0}}, {"model": "dataentry.questionlayout", "pk": 103, "fields": {"question": 3, "category": 8, "weight": 0}}, {"model": "dataentry.questionlayout", "pk": 104, "fields": {"question": 4, "category": 8, "weight": 0}}, {"model": "dataentry.questionlayout", "pk": 105, "fields": {"question": 5, "category": 8, "weight": 0}}, {"model": "dataentry.questionlayout", "pk": 106, "fields": {"question": 6, "category": 8, "weight": 0}}, {"model": "dataentry.questionlayout", "pk": 107, "fields": {"question": 28, "category": 9, "weight": 0}}, {"model": "dataentry.questionlayout", "pk": 108, "fields": {"question": 27, "category": 9, "weight": 0}}, {"model": "dataentry.questionlayout", "pk": 109, "fields": {"question": 31, "category": 9, "weight": 0}}, {"model": "dataentry.questionlayout", "pk": 110, "fields": {"question": 30, "category": 9, "weight": 0}}, {"model": "dataentry.questionlayout", "pk": 111, "fields": {"question": 24, "category": 9, "weight": 0}}, {"model": "dataentry.questionlayout", "pk": 112, "fields": {"question": 23, "category": 9, "weight": 0}}, {"model": "dataentry.questionlayout", "pk": 113, "fields": {"question": 26, "category": 9, "weight": 0}}, {"model": "dataentry.questionlayout", "pk": 114, "fields": {"question": 25, "category": 9, "weight": 0}}, {"model": "dataentry.questionlayout", "pk": 115, "fields": {"question": 10, "category": 9, "weight": 0}}, {"model": "dataentry.questionlayout", "pk": 116, "fields": {"question": 12, "category": 9, "weight": 0}}, {"model": "dataentry.questionlayout", "pk": 117, "fields": {"question": 13, "category": 9, "weight": 0}}, {"model": "dataentry.questionlayout", "pk": 118, "fields": {"question": 14, "category": 9, "weight": 0}}, {"model": "dataentry.questionlayout", "pk": 119, "fields": {"question": 21, "category": 9, "weight": 0}}, {"model": "dataentry.questionlayout", "pk": 120, "fields": {"question": 22, "category": 9, "weight": 0}}, {"model": "dataentry.questionlayout", "pk": 121, "fields": {"question": 242, "category": 9, "weight": 0}}, {"model": "dataentry.questionlayout", "pk": 122, "fields": {"question": 243, "category": 9, "weight": 0}}, {"model": "dataentry.questionlayout", "pk": 123, "fields": {"question": 244, "category": 9, "weight": 0}}, {"model": "dataentry.questionlayout", "pk": 124, "fields": {"question": 251, "category": 9, "weight": 0}}, {"model": "dataentry.questionlayout", "pk": 125, "fields": {"question": 252, "category": 9, "weight": 0}}, {"model": "dataentry.questionlayout", "pk": 126, "fields": {"question": 253, "category": 9, "weight": 0}}, {"model": "dataentry.questionlayout", "pk": 127, "fields": {"question": 36, "category": 10, "weight": 0}}, {"model": "dataentry.questionlayout", "pk": 128, "fields": {"question": 37, "category": 10, "weight": 0}}, {"model": "dataentry.questionlayout", "pk": 129, "fields": {"question": 38, "category": 10, "weight": 0}}, {"model": "dataentry.questionlayout", "pk": 130, "fields": {"question": 39, "category": 10, "weight": 0}}, {"model": "dataentry.questionlayout", "pk": 131, "fields": {"question": 41, "category": 10, "weight": 0}}, {"model": "dataentry.questionlayout", "pk": 132, "fields": {"question": 51, "category": 10, "weight": 0}}, {"model": "dataentry.questionlayout", "pk": 133, "fields": {"question": 52, "category": 10, "weight": 0}}, {"model": "dataentry.questionlayout", "pk": 134, "fields": {"question": 53, "category": 10, "weight": 0}}, {"model": "dataentry.questionlayout", "pk": 135, "fields": {"question": 54, "category": 10, "weight": 0}}, {"model": "dataentry.questionlayout", "pk": 136, "fields": {"question": 55, "category": 10, "weight": 0}}, {"model": "dataentry.questionlayout", "pk": 137, "fields": {"question": 56, "category": 10, "weight": 0}}, {"model": "dataentry.questionlayout", "pk": 138, "fields": {"question": 57, "category": 10, "weight": 0}}, {"model": "dataentry.questionlayout", "pk": 139, "fields": {"question": 58, "category": 10, "weight": 0}}, {"model": "dataentry.questionlayout", "pk": 140, "fields": {"question": 59, "category": 10, "weight": 0}}, {"model": "dataentry.questionlayout", "pk": 141, "fields": {"question": 60, "category": 10, "weight": 0}}, {"model": "dataentry.questionlayout", "pk": 142, "fields": {"question": 61, "category": 10, "weight": 0}}, {"model": "dataentry.questionlayout", "pk": 143, "fields": {"question": 62, "category": 10, "weight": 0}}, {"model": "dataentry.questionlayout", "pk": 144, "fields": {"question": 63, "category": 10, "weight": 0}}, {"model": "dataentry.questionlayout", "pk": 145, "fields": {"question": 64, "category": 10, "weight": 0}}, {"model": "dataentry.questionlayout", "pk": 146, "fields": {"question": 70, "category": 10, "weight": 0}}, {"model": "dataentry.questionlayout", "pk": 147, "fields": {"question": 69, "category": 10, "weight": 0}}, {"model": "dataentry.questionlayout", "pk": 148, "fields": {"question": 245, "category": 10, "weight": 0}}, {"model": "dataentry.questionlayout", "pk": 149, "fields": {"question": 246, "category": 10, "weight": 0}}, {"model": "dataentry.questionlayout", "pk": 150, "fields": {"question": 247, "category": 10, "weight": 0}}, {"model": "dataentry.questionlayout", "pk": 151, "fields": {"question": 248, "category": 10, "weight": 0}}, {"model": "dataentry.questionlayout", "pk": 152, "fields": {"question": 254, "category": 10, "weight": 0}}, {"model": "dataentry.questionlayout", "pk": 153, "fields": {"question": 255, "category": 10, "weight": 0}}, {"model": "dataentry.questionlayout", "pk": 154, "fields": {"question": 73, "category": 11, "weight": 0}}, {"model": "dataentry.questionlayout", "pk": 155, "fields": {"question": 74, "category": 11, "weight": 0}}, {"model": "dataentry.questionlayout", "pk": 156, "fields": {"question": 77, "category": 11, "weight": 0}}, {"model": "dataentry.questionlayout", "pk": 157, "fields": {"question": 78, "category": 11, "weight": 0}}, {"model": "dataentry.questionlayout", "pk": 158, "fields": {"question": 79, "category": 11, "weight": 0}}, {"model": "dataentry.questionlayout", "pk": 159, "fields": {"question": 80, "category": 11, "weight": 0}}, {"model": "dataentry.questionlayout", "pk": 160, "fields": {"question": 81, "category": 11, "weight": 0}}, {"model": "dataentry.questionlayout", "pk": 161, "fields": {"question": 82, "category": 11, "weight": 0}}, {"model": "dataentry.questionlayout", "pk": 162, "fields": {"question": 91, "category": 12, "weight": 0}}, {"model": "dataentry.questionlayout", "pk": 163, "fields": {"question": 106, "category": 12, "weight": 0}}, {"model": "dataentry.questionlayout", "pk": 164, "fields": {"question": 92, "category": 12, "weight": 0}}, {"model": "dataentry.questionlayout", "pk": 165, "fields": {"question": 102, "category": 12, "weight": 0}}, {"model": "dataentry.questionlayout", "pk": 166, "fields": {"question": 104, "category": 12, "weight": 0}}, {"model": "dataentry.questionlayout", "pk": 167, "fields": {"question": 111, "category": 12, "weight": 0}}, {"model": "dataentry.questionlayout", "pk": 168, "fields": {"question": 112, "category": 12, "weight": 0}}, {"model": "dataentry.questionlayout", "pk": 169, "fields": {"question": 113, "category": 12, "weight": 0}}, {"model": "dataentry.questionlayout", "pk": 170, "fields": {"question": 114, "category": 12, "weight": 0}}, {"model": "dataentry.questionlayout", "pk": 171, "fields": {"question": 115, "category": 12, "weight": 0}}, {"model": "dataentry.questionlayout", "pk": 172, "fields": {"question": 116, "category": 12, "weight": 0}}, {"model": "dataentry.questionlayout", "pk": 173, "fields": {"question": 117, "category": 12, "weight": 0}}, {"model": "dataentry.questionlayout", "pk": 174, "fields": {"question": 118, "category": 12, "weight": 0}}, {"model": "dataentry.questionlayout", "pk": 175, "fields": {"question": 119, "category": 12, "weight": 0}}, {"model": "dataentry.questionlayout", "pk": 176, "fields": {"question": 120, "category": 12, "weight": 0}}, {"model": "dataentry.questionlayout", "pk": 177, "fields": {"question": 121, "category": 12, "weight": 0}}, {"model": "dataentry.questionlayout", "pk": 178, "fields": {"question": 122, "category": 12, "weight": 0}}, {"model": "dataentry.questionlayout", "pk": 179, "fields": {"question": 123, "category": 12, "weight": 0}}, {"model": "dataentry.questionlayout", "pk": 180, "fields": {"question": 124, "category": 12, "weight": 0}}, {"model": "dataentry.questionlayout", "pk": 181, "fields": {"question": 125, "category": 12, "weight": 0}}, {"model": "dataentry.questionlayout", "pk": 182, "fields": {"question": 126, "category": 12, "weight": 0}}, {"model": "dataentry.questionlayout", "pk": 183, "fields": {"question": 127, "category": 12, "weight": 0}}, {"model": "dataentry.questionlayout", "pk": 184, "fields": {"question": 128, "category": 12, "weight": 0}}, {"model": "dataentry.questionlayout", "pk": 185, "fields": {"question": 129, "category": 12, "weight": 0}}, {"model": "dataentry.questionlayout", "pk": 186, "fields": {"question": 130, "category": 12, "weight": 0}}, {"model": "dataentry.questionlayout", "pk": 187, "fields": {"question": 131, "category": 12, "weight": 0}}, {"model": "dataentry.questionlayout", "pk": 188, "fields": {"question": 132, "category": 12, "weight": 0}}, {"model": "dataentry.questionlayout", "pk": 189, "fields": {"question": 133, "category": 12, "weight": 0}}, {"model": "dataentry.questionlayout", "pk": 190, "fields": {"question": 134, "category": 12, "weight": 0}}, {"model": "dataentry.questionlayout", "pk": 191, "fields": {"question": 9, "category": 13, "weight": 0}}, {"model": "dataentry.questionlayout", "pk": 192, "fields": {"question": 8, "category": 13, "weight": 0}}, {"model": "dataentry.questionlayout", "pk": 193, "fields": {"question": 7, "category": 13, "weight": 0}}, {"model": "dataentry.questionlayout", "pk": 194, "fields": {"question": 147, "category": 14, "weight": 0}}, {"model": "dataentry.questionlayout", "pk": 195, "fields": {"question": 141, "category": 14, "weight": 0}}, {"model": "dataentry.questionlayout", "pk": 197, "fields": {"question": 148, "category": 14, "weight": 0}}, {"model": "dataentry.questionlayout", "pk": 198, "fields": {"question": 149, "category": 14, "weight": 0}}, {"model": "dataentry.questionlayout", "pk": 199, "fields": {"question": 150, "category": 14, "weight": 0}}, {"model": "dataentry.questionlayout", "pk": 200, "fields": {"question": 151, "category": 14, "weight": 0}}, {"model": "dataentry.questionlayout", "pk": 201, "fields": {"question": 152, "category": 14, "weight": 0}}, {"model": "dataentry.questionlayout", "pk": 202, "fields": {"question": 249, "category": 14, "weight": 0}}, {"model": "dataentry.questionlayout", "pk": 203, "fields": {"question": 256, "category": 14, "weight": 0}}, {"model": "dataentry.questionlayout", "pk": 204, "fields": {"question": 143, "category": 7, "weight": 0}}, {"model": "dataentry.questionlayout", "pk": 205, "fields": {"question": 144, "category": 7, "weight": 0}}, {"model": "dataentry.questionlayout", "pk": 206, "fields": {"question": 143, "category": 14, "weight": 0}}, {"model": "dataentry.questionlayout", "pk": 207, "fields": {"question": 144, "category": 14, "weight": 0}}, {"model": "dataentry.questionlayout", "pk": 208, "fields": {"question": 1, "category": 15, "weight": 0}}, {"model": "dataentry.questionlayout", "pk": 209, "fields": {"question": 2, "category": 15, "weight": 0}}, {"model": "dataentry.questionlayout", "pk": 210, "fields": {"question": 3, "category": 15, "weight": 0}}, {"model": "dataentry.questionlayout", "pk": 211, "fields": {"question": 4, "category": 15, "weight": 0}}, {"model": "dataentry.questionlayout", "pk": 212, "fields": {"question": 5, "category": 15, "weight": 0}}, {"model": "dataentry.questionlayout", "pk": 213, "fields": {"question": 6, "category": 15, "weight": 0}}, {"model": "dataentry.questionlayout", "pk": 214, "fields": {"question": 153, "category": 16, "weight": 0}}, {"model": "dataentry.questionlayout", "pk": 215, "fields": {"question": 154, "category": 16, "weight": 0}}, {"model": "dataentry.questionlayout", "pk": 216, "fields": {"question": 155, "category": 16, "weight": 0}}, {"model": "dataentry.questionlayout", "pk": 217, "fields": {"question": 156, "category": 16, "weight": 0}}, {"model": "dataentry.questionlayout", "pk": 218, "fields": {"question": 157, "category": 16, "weight": 0}}, {"model": "dataentry.questionlayout", "pk": 219, "fields": {"question": 158, "category": 16, "weight": 0}}, {"model": "dataentry.questionlayout", "pk": 220, "fields": {"question": 159, "category": 16, "weight": 0}}, {"model": "dataentry.questionlayout", "pk": 221, "fields": {"question": 160, "category": 16, "weight": 0}}, {"model": "dataentry.questionlayout", "pk": 222, "fields": {"question": 161, "category": 16, "weight": 0}}, {"model": "dataentry.questionlayout", "pk": 223, "fields": {"question": 162, "category": 16, "weight": 0}}, {"model": "dataentry.questionlayout", "pk": 224, "fields": {"question": 163, "category": 16, "weight": 0}}, {"model": "dataentry.questionlayout", "pk": 225, "fields": {"question": 164, "category": 16, "weight": 0}}, {"model": "dataentry.questionlayout", "pk": 226, "fields": {"question": 165, "category": 16, "weight": 0}}, {"model": "dataentry.questionlayout", "pk": 227, "fields": {"question": 166, "category": 16, "weight": 0}}, {"model": "dataentry.questionlayout", "pk": 228, "fields": {"question": 167, "category": 16, "weight": 0}}, {"model": "dataentry.questionlayout", "pk": 229, "fields": {"question": 168, "category": 16, "weight": 0}}, {"model": "dataentry.questionlayout", "pk": 230, "fields": {"question": 169, "category": 16, "weight": 0}}, {"model": "dataentry.questionlayout", "pk": 231, "fields": {"question": 170, "category": 16, "weight": 0}}, {"model": "dataentry.questionlayout", "pk": 232, "fields": {"question": 171, "category": 17, "weight": 0}}, {"model": "dataentry.questionlayout", "pk": 233, "fields": {"question": 172, "category": 17, "weight": 0}}, {"model": "dataentry.questionlayout", "pk": 234, "fields": {"question": 173, "category": 17, "weight": 0}}, {"model": "dataentry.questionlayout", "pk": 235, "fields": {"question": 174, "category": 17, "weight": 0}}, {"model": "dataentry.questionlayout", "pk": 236, "fields": {"question": 55, "category": 17, "weight": 0}}, {"model": "dataentry.questionlayout", "pk": 237, "fields": {"question": 176, "category": 17, "weight": 0}}, {"model": "dataentry.questionlayout", "pk": 238, "fields": {"question": 177, "category": 17, "weight": 0}}, {"model": "dataentry.questionlayout", "pk": 239, "fields": {"question": 178, "category": 17, "weight": 0}}, {"model": "dataentry.questionlayout", "pk": 240, "fields": {"question": 179, "category": 17, "weight": 0}}, {"model": "dataentry.questionlayout", "pk": 241, "fields": {"question": 180, "category": 17, "weight": 0}}, {"model": "dataentry.questionlayout", "pk": 242, "fields": {"question": 181, "category": 17, "weight": 0}}, {"model": "dataentry.questionlayout", "pk": 243, "fields": {"question": 182, "category": 17, "weight": 0}}, {"model": "dataentry.questionlayout", "pk": 244, "fields": {"question": 183, "category": 17, "weight": 0}}, {"model": "dataentry.questionlayout", "pk": 245, "fields": {"question": 184, "category": 17, "weight": 0}}, {"model": "dataentry.questionlayout", "pk": 246, "fields": {"question": 185, "category": 17, "weight": 0}}, {"model": "dataentry.questionlayout", "pk": 247, "fields": {"question": 186, "category": 17, "weight": 0}}, {"model": "dataentry.questionlayout", "pk": 248, "fields": {"question": 187, "category": 17, "weight": 0}}, {"model": "dataentry.questionlayout", "pk": 249, "fields": {"question": 188, "category": 17, "weight": 0}}, {"model": "dataentry.questionlayout", "pk": 250, "fields": {"question": 189, "category": 17, "weight": 0}}, {"model": "dataentry.questionlayout", "pk": 251, "fields": {"question": 190, "category": 17, "weight": 0}}, {"model": "dataentry.questionlayout", "pk": 252, "fields": {"question": 191, "category": 17, "weight": 0}}, {"model": "dataentry.questionlayout", "pk": 253, "fields": {"question": 192, "category": 17, "weight": 0}}, {"model": "dataentry.questionlayout", "pk": 254, "fields": {"question": 193, "category": 18, "weight": 0}}, {"model": "dataentry.questionlayout", "pk": 255, "fields": {"question": 194, "category": 18, "weight": 0}}, {"model": "dataentry.questionlayout", "pk": 256, "fields": {"question": 195, "category": 18, "weight": 0}}, {"model": "dataentry.questionlayout", "pk": 257, "fields": {"question": 196, "category": 18, "weight": 0}}, {"model": "dataentry.questionlayout", "pk": 258, "fields": {"question": 197, "category": 18, "weight": 0}}, {"model": "dataentry.questionlayout", "pk": 259, "fields": {"question": 198, "category": 18, "weight": 0}}, {"model": "dataentry.questionlayout", "pk": 260, "fields": {"question": 201, "category": 18, "weight": 0}}, {"model": "dataentry.questionlayout", "pk": 261, "fields": {"question": 202, "category": 18, "weight": 0}}, {"model": "dataentry.questionlayout", "pk": 262, "fields": {"question": 203, "category": 18, "weight": 0}}, {"model": "dataentry.questionlayout", "pk": 263, "fields": {"question": 204, "category": 18, "weight": 0}}, {"model": "dataentry.questionlayout", "pk": 264, "fields": {"question": 205, "category": 18, "weight": 0}}, {"model": "dataentry.questionlayout", "pk": 265, "fields": {"question": 206, "category": 18, "weight": 0}}, {"model": "dataentry.questionlayout", "pk": 266, "fields": {"question": 36, "category": 18, "weight": 0}}, {"model": "dataentry.questionlayout", "pk": 267, "fields": {"question": 37, "category": 18, "weight": 0}}, {"model": "dataentry.questionlayout", "pk": 269, "fields": {"question": 42, "category": 18, "weight": 0}}, {"model": "dataentry.questionlayout", "pk": 270, "fields": {"question": 39, "category": 18, "weight": 0}}, {"model": "dataentry.questionlayout", "pk": 271, "fields": {"question": 207, "category": 18, "weight": 0}}, {"model": "dataentry.questionlayout", "pk": 272, "fields": {"question": 208, "category": 18, "weight": 0}}, {"model": "dataentry.questionlayout", "pk": 273, "fields": {"question": 209, "category": 18, "weight": 0}}, {"model": "dataentry.questionlayout", "pk": 274, "fields": {"question": 210, "category": 18, "weight": 0}}, {"model": "dataentry.questionlayout", "pk": 275, "fields": {"question": 211, "category": 18, "weight": 0}}, {"model": "dataentry.questionlayout", "pk": 276, "fields": {"question": 212, "category": 18, "weight": 0}}, {"model": "dataentry.questionlayout", "pk": 277, "fields": {"question": 213, "category": 18, "weight": 0}}, {"model": "dataentry.questionlayout", "pk": 278, "fields": {"question": 214, "category": 18, "weight": 0}}, {"model": "dataentry.questionlayout", "pk": 279, "fields": {"question": 215, "category": 18, "weight": 0}}, {"model": "dataentry.questionlayout", "pk": 280, "fields": {"question": 216, "category": 18, "weight": 0}}, {"model": "dataentry.questionlayout", "pk": 281, "fields": {"question": 217, "category": 18, "weight": 0}}, {"model": "dataentry.questionlayout", "pk": 282, "fields": {"question": 218, "category": 18, "weight": 0}}, {"model": "dataentry.questionlayout", "pk": 283, "fields": {"question": 219, "category": 18, "weight": 0}}, {"model": "dataentry.questionlayout", "pk": 284, "fields": {"question": 221, "category": 18, "weight": 0}}, {"model": "dataentry.questionlayout", "pk": 285, "fields": {"question": 223, "category": 18, "weight": 0}}, {"model": "dataentry.questionlayout", "pk": 286, "fields": {"question": 30, "category": 19, "weight": 0}}, {"model": "dataentry.questionlayout", "pk": 287, "fields": {"question": 225, "category": 19, "weight": 0}}, {"model": "dataentry.questionlayout", "pk": 288, "fields": {"question": 226, "category": 19, "weight": 0}}, {"model": "dataentry.questionlayout", "pk": 289, "fields": {"question": 227, "category": 19, "weight": 0}}, {"model": "dataentry.questionlayout", "pk": 290, "fields": {"question": 228, "category": 19, "weight": 0}}, {"model": "dataentry.questionlayout", "pk": 291, "fields": {"question": 229, "category": 19, "weight": 0}}, {"model": "dataentry.questionlayout", "pk": 292, "fields": {"question": 230, "category": 19, "weight": 0}}, {"model": "dataentry.questionlayout", "pk": 293, "fields": {"question": 231, "category": 19, "weight": 0}}, {"model": "dataentry.questionlayout", "pk": 294, "fields": {"question": 232, "category": 19, "weight": 0}}, {"model": "dataentry.questionlayout", "pk": 295, "fields": {"question": 233, "category": 19, "weight": 0}}, {"model": "dataentry.questionlayout", "pk": 296, "fields": {"question": 234, "category": 19, "weight": 0}}, {"model": "dataentry.questionlayout", "pk": 297, "fields": {"question": 235, "category": 19, "weight": 0}}, {"model": "dataentry.questionlayout", "pk": 298, "fields": {"question": 236, "category": 19, "weight": 0}}, {"model": "dataentry.questionlayout", "pk": 299, "fields": {"question": 237, "category": 19, "weight": 0}}, {"model": "dataentry.questionlayout", "pk": 300, "fields": {"question": 73, "category": 20, "weight": 0}}, {"model": "dataentry.questionlayout", "pk": 301, "fields": {"question": 74, "category": 20, "weight": 0}}, {"model": "dataentry.questionlayout", "pk": 302, "fields": {"question": 77, "category": 20, "weight": 0}}, {"model": "dataentry.questionlayout", "pk": 303, "fields": {"question": 79, "category": 20, "weight": 0}}, {"model": "dataentry.questionlayout", "pk": 304, "fields": {"question": 82, "category": 20, "weight": 0}}, {"model": "dataentry.questionlayout", "pk": 305, "fields": {"question": 91, "category": 21, "weight": 0}}, {"model": "dataentry.questionlayout", "pk": 306, "fields": {"question": 92, "category": 21, "weight": 0}}, {"model": "dataentry.questionlayout", "pk": 307, "fields": {"question": 106, "category": 21, "weight": 0}}, {"model": "dataentry.questionlayout", "pk": 308, "fields": {"question": 7, "category": 22, "weight": 0}}, {"model": "dataentry.questionlayout", "pk": 309, "fields": {"question": 8, "category": 22, "weight": 0}}, {"model": "dataentry.questionlayout", "pk": 310, "fields": {"question": 9, "category": 22, "weight": 0}}, {"model": "dataentry.questionlayout", "pk": 314, "fields": {"question": 147, "category": 23, "weight": 0}}, {"model": "dataentry.questionlayout", "pk": 315, "fields": {"question": 146, "category": 23, "weight": 0}}, {"model": "dataentry.questionlayout", "pk": 316, "fields": {"question": 151, "category": 23, "weight": 0}}, {"model": "dataentry.questionlayout", "pk": 317, "fields": {"question": 152, "category": 23, "weight": 0}}, {"model": "dataentry.questionlayout", "pk": 318, "fields": {"question": 95, "category": 16, "weight": 0}}, {"model": "dataentry.questionlayout", "pk": 319, "fields": {"question": 96, "category": 16, "weight": 0}}, {"model": "dataentry.questionlayout", "pk": 320, "fields": {"question": 41, "category": 18, "weight": 0}}, {"model": "dataentry.questionlayout", "pk": 321, "fields": {"question": 64, "category": 18, "weight": 0}}, {"model": "dataentry.questionlayout", "pk": 322, "fields": {"question": 45, "category": 18, "weight": 0}}, {"model": "dataentry.questionlayout", "pk": 323, "fields": {"question": 56, "category": 18, "weight": 0}}, {"model": "dataentry.questionlayout", "pk": 324, "fields": {"question": 257, "category": 20, "weight": 0}}, {"model": "dataentry.questionlayout", "pk": 325, "fields": {"question": 258, "category": 20, "weight": 0}}, {"model": "dataentry.questionlayout", "pk": 326, "fields": {"question": 259, "category": 20, "weight": 0}}, {"model": "dataentry.questionlayout", "pk": 327, "fields": {"question": 260, "category": 20, "weight": 0}}, {"model": "dataentry.questionlayout", "pk": 328, "fields": {"question": 261, "category": 21, "weight": 0}}, {"model": "dataentry.questionlayout", "pk": 329, "fields": {"question": 262, "category": 21, "weight": 0}}, {"model": "dataentry.questionlayout", "pk": 330, "fields": {"question": 263, "category": 23, "weight": 0}}, {"model": "dataentry.questionlayout", "pk": 331, "fields": {"question": 264, "category": 23, "weight": 0}}, {"model": "dataentry.questionlayout", "pk": 333, "fields": {"question": 31, "category": 19, "weight": 0}}, {"model": "dataentry.questionlayout", "pk": 334, "fields": {"question": 239, "category": 20, "weight": 0}}, {"model": "dataentry.questionlayout", "pk": 335, "fields": {"question": 240, "category": 20, "weight": 0}}, {"model": "dataentry.questionlayout", "pk": 336, "fields": {"question": 241, "category": 20, "weight": 0}}, {"model": "dataentry.questionlayout", "pk": 337, "fields": {"question": 11, "category": 22, "weight": 0}}, {"model": "dataentry.questionlayout", "pk": 338, "fields": {"question": 11, "category": 6, "weight": 0}},{"model": "dataentry.questionstorage", "pk": 1, "fields": {"question": 1, "field_name": "irf_number"}}, {"model": "dataentry.questionstorage", "pk": 2, "fields": {"question": 2, "field_name": "number_of_victims"}}, {"model": "dataentry.questionstorage", "pk": 3, "fields": {"question": 3, "field_name": "location"}}, {"model": "dataentry.questionstorage", "pk": 4, "fields": {"question": 4, "field_name": "date_time_of_interception"}}, {"model": "dataentry.questionstorage", "pk": 5, "fields": {"question": 5, "field_name": "number_of_traffickers"}}, {"model": "dataentry.questionstorage", "pk": 6, "fields": {"question": 6, "field_name": "staff_name"}}, {"model": "dataentry.questionstorage", "pk": 7, "fields": {"question": 10, "field_name": "drugged_or_drowsy"}}, {"model": "dataentry.questionstorage", "pk": 8, "fields": {"question": 13, "field_name": "who_in_group_husbandwife"}}, {"model": "dataentry.questionstorage", "pk": 9, "fields": {"question": 24, "field_name": "married_in_past_2_weeks"}}, {"model": "dataentry.questionstorage", "pk": 10, "fields": {"question": 25, "field_name": "married_in_past_2_8_weeks"}}, {"model": "dataentry.questionstorage", "pk": 11, "fields": {"question": 30, "field_name": "caught_in_lie"}}, {"model": "dataentry.questionstorage", "pk": 12, "fields": {"question": 31, "field_name": "other_red_flag"}}, {"model": "dataentry.questionstorage", "pk": 13, "fields": {"question": 70, "field_name": "running_away_under_18"}}, {"model": "dataentry.questionstorage", "pk": 14, "fields": {"question": 69, "field_name": "running_away_over_18"}}, {"model": "dataentry.questionstorage", "pk": 15, "fields": {"question": 36, "field_name": "where_going_job"}}, {"model": "dataentry.questionstorage", "pk": 16, "fields": {"question": 39, "field_name": "where_going_study"}}, {"model": "dataentry.questionstorage", "pk": 17, "fields": {"question": 55, "field_name": "passport_with_broker"}}, {"model": "dataentry.questionstorage", "pk": 18, "fields": {"question": 56, "field_name": "job_too_good_to_be_true"}}, {"model": "dataentry.questionstorage", "pk": 19, "fields": {"question": 57, "field_name": "not_real_job"}}, {"model": "dataentry.questionstorage", "pk": 20, "fields": {"question": 58, "field_name": "couldnt_confirm_job"}}, {"model": "dataentry.questionstorage", "pk": 21, "fields": {"question": 61, "field_name": "no_enrollment_docs"}}, {"model": "dataentry.questionstorage", "pk": 22, "fields": {"question": 62, "field_name": "doesnt_know_school_name"}}, {"model": "dataentry.questionstorage", "pk": 23, "fields": {"question": 63, "field_name": "no_school_phone"}}, {"model": "dataentry.questionstorage", "pk": 24, "fields": {"question": 64, "field_name": "not_enrolled_in_school"}}, {"model": "dataentry.questionstorage", "pk": 25, "fields": {"question": 73, "field_name": "reluctant_family_info"}}, {"model": "dataentry.questionstorage", "pk": 26, "fields": {"question": 74, "field_name": "refuses_family_info"}}, {"model": "dataentry.questionstorage", "pk": 27, "fields": {"question": 77, "field_name": "under_18_cant_contact_family"}}, {"model": "dataentry.questionstorage", "pk": 28, "fields": {"question": 78, "field_name": "under_18_family_doesnt_know"}}, {"model": "dataentry.questionstorage", "pk": 29, "fields": {"question": 79, "field_name": "under_18_family_unwilling"}}, {"model": "dataentry.questionstorage", "pk": 30, "fields": {"question": 82, "field_name": "talked_to_family_member"}}, {"model": "dataentry.questionstorage", "pk": 31, "fields": {"question": 7, "field_name": "photo"}}, {"model": "dataentry.questionstorage", "pk": 32, "fields": {"question": 8, "field_name": "kind"}}, {"model": "dataentry.questionstorage", "pk": 33, "fields": {"question": 9, "field_name": "person"}}, {"model": "dataentry.questionstorage", "pk": 34, "fields": {"question": 41, "field_name": "where_runaway"}}, {"model": "dataentry.questionstorage", "pk": 35, "fields": {"question": 91, "field_name": "who_noticed"}}, {"model": "dataentry.questionstorage", "pk": 37, "fields": {"question": 106, "field_name": "staff_who_noticed"}}, {"model": "dataentry.questionstorage", "pk": 38, "fields": {"question": 147, "field_name": "how_sure_was_trafficking"}}, {"model": "dataentry.questionstorage", "pk": 39, "fields": {"question": 141, "field_name": "type_of_intercept"}}, {"model": "dataentry.questionstorage", "pk": 41, "fields": {"question": 148, "field_name": "convinced_by_family"}}, {"model": "dataentry.questionstorage", "pk": 42, "fields": {"question": 149, "field_name": "convinced_by_staff"}}, {"model": "dataentry.questionstorage", "pk": 43, "fields": {"question": 150, "field_name": "convinced_by_police"}}, {"model": "dataentry.questionstorage", "pk": 44, "fields": {"question": 151, "field_name": "has_signature"}}, {"model": "dataentry.questionstorage", "pk": 45, "fields": {"question": 12, "field_name": "who_in_group_alone"}}, {"model": "dataentry.questionstorage", "pk": 46, "fields": {"question": 14, "field_name": "who_in_group_relative"}}, {"model": "dataentry.questionstorage", "pk": 47, "fields": {"question": 21, "field_name": "meeting_someone_across_border"}}, {"model": "dataentry.questionstorage", "pk": 48, "fields": {"question": 22, "field_name": "seen_in_last_month_in_nepal"}}, {"model": "dataentry.questionstorage", "pk": 50, "fields": {"question": 23, "field_name": "traveling_with_someone_not_with_them"}}, {"model": "dataentry.questionstorage", "pk": 51, "fields": {"question": 17, "field_name": "wife_under_18"}}, {"model": "dataentry.questionstorage", "pk": 52, "fields": {"question": 26, "field_name": "less_than_2_weeks_before_eloping"}}, {"model": "dataentry.questionstorage", "pk": 53, "fields": {"question": 27, "field_name": "between_2_12_weeks_before_eloping"}}, {"model": "dataentry.questionstorage", "pk": 54, "fields": {"question": 28, "field_name": "caste_not_same_as_relative"}}, {"model": "dataentry.questionstorage", "pk": 55, "fields": {"question": 32, "field_name": "doesnt_know_going_to_india"}}, {"model": "dataentry.questionstorage", "pk": 56, "fields": {"question": 37, "field_name": "where_going_visit"}}, {"model": "dataentry.questionstorage", "pk": 57, "fields": {"question": 38, "field_name": "where_going_shopping"}}, {"model": "dataentry.questionstorage", "pk": 58, "fields": {"question": 40, "field_name": "where_going_treatment"}}, {"model": "dataentry.questionstorage", "pk": 59, "fields": {"question": 51, "field_name": "no_address_at_destination"}}, {"model": "dataentry.questionstorage", "pk": 60, "fields": {"question": 52, "field_name": "no_company_phone"}}, {"model": "dataentry.questionstorage", "pk": 61, "fields": {"question": 53, "field_name": "no_appointment_letter"}}, {"model": "dataentry.questionstorage", "pk": 62, "fields": {"question": 54, "field_name": "valid_gulf_country_visa"}}, {"model": "dataentry.questionstorage", "pk": 63, "fields": {"question": 59, "field_name": "no_bags_long_trip"}}, {"model": "dataentry.questionstorage", "pk": 64, "fields": {"question": 60, "field_name": "shopping_overnight_stuff_in_bags"}}, {"model": "dataentry.questionstorage", "pk": 65, "fields": {"question": 65, "field_name": "reluctant_treatment_info"}}, {"model": "dataentry.questionstorage", "pk": 66, "fields": {"question": 66, "field_name": "no_medical_documents"}}, {"model": "dataentry.questionstorage", "pk": 67, "fields": {"question": 67, "field_name": "fake_medical_documents"}}, {"model": "dataentry.questionstorage", "pk": 68, "fields": {"question": 68, "field_name": "no_medical_appointment"}}, {"model": "dataentry.questionstorage", "pk": 69, "fields": {"question": 71, "field_name": "doesnt_know_villiage_details"}}, {"model": "dataentry.questionstorage", "pk": 70, "fields": {"question": 72, "field_name": "reluctant_villiage_info"}}, {"model": "dataentry.questionstorage", "pk": 71, "fields": {"question": 80, "field_name": "over_18_family_doesnt_know"}}, {"model": "dataentry.questionstorage", "pk": 72, "fields": {"question": 81, "field_name": "over_18_family_unwilling"}}, {"model": "dataentry.questionstorage", "pk": 73, "fields": {"question": 92, "field_name": "which_contact"}}, {"model": "dataentry.questionstorage", "pk": 74, "fields": {"question": 102, "field_name": "contact_paid"}}, {"model": "dataentry.questionstorage", "pk": 75, "fields": {"question": 104, "field_name": "contact_paid_how_much"}}, {"model": "dataentry.questionstorage", "pk": 76, "fields": {"question": 111, "field_name": "noticed_hesitant"}}, {"model": "dataentry.questionstorage", "pk": 77, "fields": {"question": 112, "field_name": "noticed_nervous_or_afraid"}}, {"model": "dataentry.questionstorage", "pk": 78, "fields": {"question": 113, "field_name": "noticed_hurrying"}}, {"model": "dataentry.questionstorage", "pk": 79, "fields": {"question": 114, "field_name": "noticed_drugged_or_drowsy"}}, {"model": "dataentry.questionstorage", "pk": 80, "fields": {"question": 115, "field_name": "noticed_new_clothes"}}, {"model": "dataentry.questionstorage", "pk": 81, "fields": {"question": 116, "field_name": "noticed_dirty_clothes"}}, {"model": "dataentry.questionstorage", "pk": 82, "fields": {"question": 117, "field_name": "noticed_carrying_full_bags"}}, {"model": "dataentry.questionstorage", "pk": 83, "fields": {"question": 118, "field_name": "noticed_village_dress"}}, {"model": "dataentry.questionstorage", "pk": 84, "fields": {"question": 119, "field_name": "noticed_foreign_looking"}}, {"model": "dataentry.questionstorage", "pk": 85, "fields": {"question": 120, "field_name": "noticed_typical_village_look"}}, {"model": "dataentry.questionstorage", "pk": 86, "fields": {"question": 121, "field_name": "noticed_looked_like_agent"}}, {"model": "dataentry.questionstorage", "pk": 87, "fields": {"question": 122, "field_name": "noticed_caste_difference"}}, {"model": "dataentry.questionstorage", "pk": 88, "fields": {"question": 123, "field_name": "noticed_young_looking"}}, {"model": "dataentry.questionstorage", "pk": 89, "fields": {"question": 124, "field_name": "noticed_waiting_sitting"}}, {"model": "dataentry.questionstorage", "pk": 90, "fields": {"question": 125, "field_name": "noticed_on_train"}}, {"model": "dataentry.questionstorage", "pk": 91, "fields": {"question": 126, "field_name": "noticed_roaming_around"}}, {"model": "dataentry.questionstorage", "pk": 92, "fields": {"question": 127, "field_name": "noticed_exiting_vehicle"}}, {"model": "dataentry.questionstorage", "pk": 93, "fields": {"question": 128, "field_name": "noticed_heading_to_vehicle"}}, {"model": "dataentry.questionstorage", "pk": 94, "fields": {"question": 129, "field_name": "noticed_in_a_vehicle"}}, {"model": "dataentry.questionstorage", "pk": 95, "fields": {"question": 130, "field_name": "noticed_in_a_rickshaw"}}, {"model": "dataentry.questionstorage", "pk": 96, "fields": {"question": 131, "field_name": "noticed_in_a_cart"}}, {"model": "dataentry.questionstorage", "pk": 97, "fields": {"question": 132, "field_name": "noticed_carrying_a_baby"}}, {"model": "dataentry.questionstorage", "pk": 99, "fields": {"question": 133, "field_name": "noticed_on_the_phone"}}, {"model": "dataentry.questionstorage", "pk": 100, "fields": {"question": 134, "field_name": "noticed_other_sign"}}, {"model": "dataentry.questionstorage", "pk": 101, "fields": {"question": 142, "field_name": "case_notes"}}, {"model": "dataentry.questionstorage", "pk": 102, "fields": {"question": 152, "field_name": "scanned_form"}}, {"model": "dataentry.questionstorage", "pk": 103, "fields": {"question": 242, "field_name": "group_missed_call"}}, {"model": "dataentry.questionstorage", "pk": 104, "fields": {"question": 243, "field_name": "group_facebook"}}, {"model": "dataentry.questionstorage", "pk": 105, "fields": {"question": 244, "field_name": "group_other_website"}}, {"model": "dataentry.questionstorage", "pk": 106, "fields": {"question": 245, "field_name": "where_going_destination"}}, {"model": "dataentry.questionstorage", "pk": 107, "fields": {"question": 246, "field_name": "where_going_doesnt_know"}}, {"model": "dataentry.questionstorage", "pk": 108, "fields": {"question": 247, "field_name": "where_going_someone_paid_expenses"}}, {"model": "dataentry.questionstorage", "pk": 109, "fields": {"question": 248, "field_name": "where_going_dont_know_what_doing"}}, {"model": "dataentry.questionstorage", "pk": 110, "fields": {"question": 249, "field_name": "call_subcommittee"}}, {"model": "dataentry.questionstorage", "pk": 111, "fields": {"question": 251, "field_name": "group_never_met_before"}}, {"model": "dataentry.questionstorage", "pk": 112, "fields": {"question": 252, "field_name": "group_wife_girl_nepali_bengali"}}, {"model": "dataentry.questionstorage", "pk": 113, "fields": {"question": 253, "field_name": "group_wife_girl_indian"}}, {"model": "dataentry.questionstorage", "pk": 114, "fields": {"question": 254, "field_name": "where_going_running_from_india"}}, {"model": "dataentry.questionstorage", "pk": 115, "fields": {"question": 255, "field_name": "where_going_enticed"}}, {"model": "dataentry.questionstorage", "pk": 116, "fields": {"question": 256, "field_name": "call_project_manager"}}, {"model": "dataentry.questionstorage", "pk": 117, "fields": {"question": 143, "field_name": "reported_total_red_flags"}}, {"model": "dataentry.questionstorage", "pk": 118, "fields": {"question": 144, "field_name": "computed_total_red_flags"}}, {"model": "dataentry.questionstorage", "pk": 119, "fields": {"question": 95, "field_name": "nationality_gender_asian_female"}}, {"model": "dataentry.questionstorage", "pk": 120, "fields": {"question": 96, "field_name": "nationality_gender_pakistani_male"}}, {"model": "dataentry.questionstorage", "pk": 121, "fields": {"question": 153, "field_name": "nationality_gender_bangladeshi_male"}}, {"model": "dataentry.questionstorage", "pk": 122, "fields": {"question": 154, "field_name": "nationality_gender_nepali_male"}}, {"model": "dataentry.questionstorage", "pk": 123, "fields": {"question": 155, "field_name": "nationality_gender_african_female"}}, {"model": "dataentry.questionstorage", "pk": 124, "fields": {"question": 156, "field_name": "nationality_gender_ethiopian_female"}}, {"model": "dataentry.questionstorage", "pk": 125, "fields": {"question": 157, "field_name": "nationality_gender_east_europe_female"}}, {"model": "dataentry.questionstorage", "pk": 126, "fields": {"question": 158, "field_name": "nationality_gender_african_child"}}, {"model": "dataentry.questionstorage", "pk": 127, "fields": {"question": 159, "field_name": "nationality_gender_malawian_female"}}, {"model": "dataentry.questionstorage", "pk": 128, "fields": {"question": 160, "field_name": "nationality_gender_other"}}, {"model": "dataentry.questionstorage", "pk": 129, "fields": {"question": 161, "field_name": "appearance_drug_withdrawl"}}, {"model": "dataentry.questionstorage", "pk": 130, "fields": {"question": 162, "field_name": "appearance_abuse"}}, {"model": "dataentry.questionstorage", "pk": 131, "fields": {"question": 163, "field_name": "appearance_disorientated"}}, {"model": "dataentry.questionstorage", "pk": 132, "fields": {"question": 164, "field_name": "appearance_impoverished"}}, {"model": "dataentry.questionstorage", "pk": 133, "fields": {"question": 165, "field_name": "appearance_long_jouney_little_luggage"}}, {"model": "dataentry.questionstorage", "pk": 134, "fields": {"question": 166, "field_name": "appearance_revealing_clothing"}}, {"model": "dataentry.questionstorage", "pk": 135, "fields": {"question": 167, "field_name": "appearance_avoid_officials"}}, {"model": "dataentry.questionstorage", "pk": 136, "fields": {"question": 168, "field_name": "appearance_lady_boy"}}, {"model": "dataentry.questionstorage", "pk": 137, "fields": {"question": 169, "field_name": "appearance_group_doesnt_know"}}, {"model": "dataentry.questionstorage", "pk": 138, "fields": {"question": 170, "field_name": "appearance_with_chaperone"}}, {"model": "dataentry.questionstorage", "pk": 139, "fields": {"question": 171, "field_name": "passport_imposter"}}, {"model": "dataentry.questionstorage", "pk": 140, "fields": {"question": 172, "field_name": "passport_fake"}}, {"model": "dataentry.questionstorage", "pk": 141, "fields": {"question": 173, "field_name": "passport_illegally_obtained"}}, {"model": "dataentry.questionstorage", "pk": 142, "fields": {"question": 174, "field_name": "passport_expired"}}, {"model": "dataentry.questionstorage", "pk": 143, "fields": {"question": 176, "field_name": "visa_none"}}, {"model": "dataentry.questionstorage", "pk": 144, "fields": {"question": 177, "field_name": "visa_fake"}}, {"model": "dataentry.questionstorage", "pk": 145, "fields": {"question": 178, "field_name": "visa_misuse"}}, {"model": "dataentry.questionstorage", "pk": 146, "fields": {"question": 179, "field_name": "visa_doesnt_match_nature"}}, {"model": "dataentry.questionstorage", "pk": 147, "fields": {"question": 180, "field_name": "visa_doesnt_match_duration"}}, {"model": "dataentry.questionstorage", "pk": 148, "fields": {"question": 181, "field_name": "visa_doesnt_match_destination"}}, {"model": "dataentry.questionstorage", "pk": 149, "fields": {"question": 182, "field_name": "supporting_documents_none"}}, {"model": "dataentry.questionstorage", "pk": 150, "fields": {"question": 183, "field_name": "supporting_documents_fake"}}, {"model": "dataentry.questionstorage", "pk": 151, "fields": {"question": 184, "field_name": "supporting_documents_insufficient"}}, {"model": "dataentry.questionstorage", "pk": 152, "fields": {"question": 185, "field_name": "supporting_documents_inaccurate"}}, {"model": "dataentry.questionstorage", "pk": 153, "fields": {"question": 186, "field_name": "supporting_documents_one_way_ticket"}}, {"model": "dataentry.questionstorage", "pk": 154, "fields": {"question": 187, "field_name": "destination_middle_east"}}, {"model": "dataentry.questionstorage", "pk": 155, "fields": {"question": 188, "field_name": "destination_ireland"}}, {"model": "dataentry.questionstorage", "pk": 156, "fields": {"question": 189, "field_name": "destination_manchester"}}, {"model": "dataentry.questionstorage", "pk": 157, "fields": {"question": 190, "field_name": "destination_swaziland"}}, {"model": "dataentry.questionstorage", "pk": 158, "fields": {"question": 191, "field_name": "destination_mozambique"}}, {"model": "dataentry.questionstorage", "pk": 159, "fields": {"question": 192, "field_name": "destination_nigeria"}}, {"model": "dataentry.questionstorage", "pk": 160, "fields": {"question": 193, "field_name": "doesnt_speak_local_language"}}, {"model": "dataentry.questionstorage", "pk": 161, "fields": {"question": 194, "field_name": "financial_support"}}, {"model": "dataentry.questionstorage", "pk": 162, "fields": {"question": 195, "field_name": "doesnt_know_travel_details"}}, {"model": "dataentry.questionstorage", "pk": 163, "fields": {"question": 196, "field_name": "in_debt_to_host"}}, {"model": "dataentry.questionstorage", "pk": 164, "fields": {"question": 197, "field_name": "afraid_of_host"}}, {"model": "dataentry.questionstorage", "pk": 165, "fields": {"question": 198, "field_name": "being_forced"}}, {"model": "dataentry.questionstorage", "pk": 166, "fields": {"question": 201, "field_name": "employment_massage_parlor"}}, {"model": "dataentry.questionstorage", "pk": 167, "fields": {"question": 202, "field_name": "employment_dance"}}, {"model": "dataentry.questionstorage", "pk": 168, "fields": {"question": 203, "field_name": "employment_doesnt_exist"}}, {"model": "dataentry.questionstorage", "pk": 169, "fields": {"question": 204, "field_name": "employment_no_offer"}}, {"model": "dataentry.questionstorage", "pk": 170, "fields": {"question": 205, "field_name": "employment_unable_verify"}}, {"model": "dataentry.questionstorage", "pk": 171, "fields": {"question": 206, "field_name": "employment_employer_reluctant"}}, {"model": "dataentry.questionstorage", "pk": 172, "fields": {"question": 207, "field_name": "visit_boyfriend"}}, {"model": "dataentry.questionstorage", "pk": 173, "fields": {"question": 208, "field_name": "visit_attend_event"}}, {"model": "dataentry.questionstorage", "pk": 174, "fields": {"question": 209, "field_name": "visit_intend_work"}}, {"model": "dataentry.questionstorage", "pk": 175, "fields": {"question": 210, "field_name": "visit_doesnt_know_host"}}, {"model": "dataentry.questionstorage", "pk": 176, "fields": {"question": 211, "field_name": "visit_no_itinerary"}}, {"model": "dataentry.questionstorage", "pk": 177, "fields": {"question": 212, "field_name": "visit_abnormal_short_stay"}}, {"model": "dataentry.questionstorage", "pk": 178, "fields": {"question": 42, "field_name": "where_going_relationship"}}, {"model": "dataentry.questionstorage", "pk": 179, "fields": {"question": 213, "field_name": "relationship_social_media"}}, {"model": "dataentry.questionstorage", "pk": 180, "fields": {"question": 214, "field_name": "relationship_married_two_months"}}, {"model": "dataentry.questionstorage", "pk": 181, "fields": {"question": 215, "field_name": "relationship_never_met"}}, {"model": "dataentry.questionstorage", "pk": 182, "fields": {"question": 216, "field_name": "relationship_to_get_married"}}, {"model": "dataentry.questionstorage", "pk": 183, "fields": {"question": 217, "field_name": "relationship_dont_speak_same_language"}}, {"model": "dataentry.questionstorage", "pk": 184, "fields": {"question": 218, "field_name": "relationship_arranged_by_other"}}, {"model": "dataentry.questionstorage", "pk": 185, "fields": {"question": 45, "field_name": "study_doesnt_know_school_details"}}, {"model": "dataentry.questionstorage", "pk": 186, "fields": {"question": 219, "field_name": "study_school_doesnt_exist"}}, {"model": "dataentry.questionstorage", "pk": 187, "fields": {"question": 221, "field_name": "study_doesnt_know_course_details"}}, {"model": "dataentry.questionstorage", "pk": 188, "fields": {"question": 223, "field_name": "study_doesnt_know_when_starts"}}, {"model": "dataentry.questionstorage", "pk": 189, "fields": {"question": 225, "field_name": "story_claims_not_know"}}, {"model": "dataentry.questionstorage", "pk": 190, "fields": {"question": 226, "field_name": "story_invite_behalf_of_other"}}, {"model": "dataentry.questionstorage", "pk": 191, "fields": {"question": 227, "field_name": "story_illogical"}}, {"model": "dataentry.questionstorage", "pk": 192, "fields": {"question": 228, "field_name": "story_bribe"}}, {"model": "dataentry.questionstorage", "pk": 193, "fields": {"question": 229, "field_name": "paid_flight"}}, {"model": "dataentry.questionstorage", "pk": 194, "fields": {"question": 230, "field_name": "paid_flight_cash"}}, {"model": "dataentry.questionstorage", "pk": 195, "fields": {"question": 231, "field_name": "paid_offer_expenses"}}, {"model": "dataentry.questionstorage", "pk": 196, "fields": {"question": 232, "field_name": "paid_no_payback_terms"}}, {"model": "dataentry.questionstorage", "pk": 197, "fields": {"question": 233, "field_name": "status_not_legally_in_country"}}, {"model": "dataentry.questionstorage", "pk": 198, "fields": {"question": 234, "field_name": "status_known_trafficker"}}, {"model": "dataentry.questionstorage", "pk": 199, "fields": {"question": 235, "field_name": "status_trafficker_associated"}}, {"model": "dataentry.questionstorage", "pk": 200, "fields": {"question": 236, "field_name": "status_illegal_activity"}}, {"model": "dataentry.questionstorage", "pk": 201, "fields": {"question": 237, "field_name": "status_false_details"}}, {"model": "dataentry.questionstorage", "pk": 202, "fields": {"question": 239, "field_name": "child_no_affidavit"}}, {"model": "dataentry.questionstorage", "pk": 203, "fields": {"question": 240, "field_name": "child_fearful"}}, {"model": "dataentry.questionstorage", "pk": 204, "fields": {"question": 241, "field_name": "child_not_escorted"}}, {"model": "dataentry.questionstorage", "pk": 205, "fields": {"question": 257, "field_name": "child_handler_inconsistent_story"}}, {"model": "dataentry.questionstorage", "pk": 206, "fields": {"question": 258, "field_name": "child_handler_false_claims"}}, {"model": "dataentry.questionstorage", "pk": 207, "fields": {"question": 259, "field_name": "child_handler_criminal"}}, {"model": "dataentry.questionstorage", "pk": 208, "fields": {"question": 260, "field_name": "child_relative_contacted"}}, {"model": "dataentry.questionstorage", "pk": 209, "fields": {"question": 261, "field_name": "name_of_contact"}}, {"model": "dataentry.questionstorage", "pk": 211, "fields": {"question": 262, "field_name": "initial_signs"}}, {"model": "dataentry.questionstorage", "pk": 212, "fields": {"question": 11, "field_name": "trafficker_taken_into_custody"}}, {"model": "dataentry.questionstorage", "pk": 213, "fields": {"question": 146, "field_name": "case_notes"}}, {"model": "dataentry.questionstorage", "pk": 214, "fields": {"question": 263, "field_name": "interception_made"}}, {"model": "dataentry.questionstorage", "pk": 215, "fields": {"question": 264, "field_name": "handed_over_to"}},{"model": "dataentry.answer", "pk": 1, "fields": {"question": 82, "value": "Own brother", "code": "brother", "params": null}}, {"model": "dataentry.answer", "pk": 2, "fields": {"question": 82, "value": "Own sister", "code": "sister", "params": null}}, {"model": "dataentry.answer", "pk": 3, "fields": {"question": 82, "value": "Own father", "code": "father", "params": null}}, {"model": "dataentry.answer", "pk": 4, "fields": {"question": 82, "value": "Own mother", "code": "mother", "params": null}}, {"model": "dataentry.answer", "pk": 5, "fields": {"question": 82, "value": "Own grandparent", "code": "grandparent", "params": null}}, {"model": "dataentry.answer", "pk": 6, "fields": {"question": 82, "value": "Own aunt/Uncle", "code": "aunt/uncle", "params": null}}, {"model": "dataentry.answer", "pk": 7, "fields": {"question": 82, "value": "Other", "code": null, "params": {"textbox": "True"}}}, {"model": "dataentry.answer", "pk": 8, "fields": {"question": 147, "value": "1 - Not at all sure", "code": "1", "params": null}}, {"model": "dataentry.answer", "pk": 9, "fields": {"question": 147, "value": "2 - Unsure but suspects it", "code": "2", "params": null}}, {"model": "dataentry.answer", "pk": 10, "fields": {"question": 147, "value": "3 - Somewhat sure", "code": "3", "params": null}}, {"model": "dataentry.answer", "pk": 11, "fields": {"question": 147, "value": "4 - Very sure", "code": "4", "params": null}}, {"model": "dataentry.answer", "pk": 12, "fields": {"question": 147, "value": "5 - Absolutely sure", "code": "5", "params": null}}, {"model": "dataentry.answer", "pk": 13, "fields": {"question": 8, "value": "Victim", "code": "v", "params": null}}, {"model": "dataentry.answer", "pk": 14, "fields": {"question": 8, "value": "Trafficker", "code": "t", "params": null}}, {"model": "dataentry.answer", "pk": 15, "fields": {"question": 92, "value": "Hotel owner", "code": "Hotel owner", "params": null}}, {"model": "dataentry.answer", "pk": 16, "fields": {"question": 92, "value": "Rickshaw driver", "code": "Rickshaw driver", "params": null}}, {"model": "dataentry.answer", "pk": 17, "fields": {"question": 92, "value": "Taxi driver", "code": "Taxi driver", "params": null}}, {"model": "dataentry.answer", "pk": 18, "fields": {"question": 92, "value": "Bus driver", "code": "Bus driver", "params": null}}, {"model": "dataentry.answer", "pk": 19, "fields": {"question": 92, "value": "Church member", "code": "Church member", "params": null}}, {"model": "dataentry.answer", "pk": 20, "fields": {"question": 92, "value": "Other NGO", "code": "Other NGO", "params": null}}, {"model": "dataentry.answer", "pk": 21, "fields": {"question": 92, "value": "Police", "code": "Police", "params": null}}, {"model": "dataentry.answer", "pk": 22, "fields": {"question": 92, "value": "Subcomittee member", "code": "Subcomittee member", "params": null}}, {"model": "dataentry.answer", "pk": 23, "fields": {"question": 92, "value": "Other", "code": null, "params": {"textbox": "True"}}}, {"model": "dataentry.answer", "pk": 24, "fields": {"question": 102, "value": "Yes", "code": "True", "params": null}}, {"model": "dataentry.answer", "pk": 25, "fields": {"question": 102, "value": "No", "code": "False", "params": null}}, {"model": "dataentry.answer", "pk": 26, "fields": {"question": 141, "value": "Sex Trafficking", "code": "sex", "params": null}}, {"model": "dataentry.answer", "pk": 27, "fields": {"question": 141, "value": "Nepal internal trafficking", "code": "internal", "params": null}}, {"model": "dataentry.answer", "pk": 28, "fields": {"question": 141, "value": "Runaway (no direct evidence of trafficking)", "code": "runaway", "params": null}}, {"model": "dataentry.answer", "pk": 29, "fields": {"question": 141, "value": "Inda Labor Trafficking", "code": "india labor", "params": null}}, {"model": "dataentry.answer", "pk": 30, "fields": {"question": 141, "value": "Gulf (or country other than India) trafficking", "code": "gulf", "params": null}}, {"model": "dataentry.answer", "pk": 31, "fields": {"question": 91, "value": "Staff", "code": "staff", "params": null}}, {"model": "dataentry.answer", "pk": 32, "fields": {"question": 91, "value": "Contact", "code": "contact", "params": null}}, {"model": "dataentry.answer", "pk": 33, "fields": {"question": 141, "value": "Trafficking suspected", "code": "suspected", "params": null}}, {"model": "dataentry.answer", "pk": 34, "fields": {"question": 141, "value": "High risk of being trafficked, but no evidence of trafficking", "code": "high risk", "params": null}}, {"model": "dataentry.answer", "pk": 35, "fields": {"question": 92, "value": "Airline Offical", "code": "airline", "params": null}}, {"model": "dataentry.answer", "pk": 36, "fields": {"question": 263, "value": "Yes", "code": "True", "params": null}}, {"model": "dataentry.answer", "pk": 37, "fields": {"question": 263, "value": "No", "code": "False", "params": null}},{"model": "dataentry.formvalidationlevel", "pk": 1, "fields": {"name": "basic_error"}}, {"model": "dataentry.formvalidationlevel", "pk": 2, "fields": {"name": "submit_error"}}, {"model": "dataentry.formvalidationlevel", "pk": 3, "fields": {"name": "warning"}},{"model": "dataentry.formvalidationtype", "pk": 1, "fields": {"name": "not_blank_or_null"}}, {"model": "dataentry.formvalidationtype", "pk": 2, "fields": {"name": "at_least_one_true"}}, {"model": "dataentry.formvalidationtype", "pk": 3, "fields": {"name": "at_least_one_card"}}, {"model": "dataentry.formvalidationtype", "pk": 4, "fields": {"name": "form_id_station_code"}},{"model": "dataentry.formvalidation", "pk": 1, "fields": {"form": 2, "level": 2, "trigger": null, "trigger_value": null, "validation_type": 2, "error_warning_message": "At least one box must be checked on the group tab"}}, {"model": "dataentry.formvalidation", "pk": 2, "fields": {"form": 2, "level": 2, "trigger": null, "trigger_value": null, "validation_type": 1, "error_warning_message": "Either Contact or Staff must be chosen for how interception was made"}}, {"model": "dataentry.formvalidation", "pk": 3, "fields": {"form": 2, "level": 2, "trigger": null, "trigger_value": null, "validation_type": 3, "error_warning_message": "At least one interceptee must be listed."}}, {"model": "dataentry.formvalidation", "pk": 4, "fields": {"form": 2, "level": 3, "trigger": null, "trigger_value": null, "validation_type": 2, "error_warning_message": "No red flags are checked."}}, {"model": "dataentry.formvalidation", "pk": 5, "fields": {"form": 2, "level": 2, "trigger": 91, "trigger_value": "contact", "validation_type": 1, "error_warning_message": "Contact chosen for how interception made, but a specific kind was not specified"}}, {"model": "dataentry.formvalidation", "pk": 6, "fields": {"form": 2, "level": 2, "trigger": 91, "trigger_value": "contact", "validation_type": 1, "error_warning_message": "Contact noticed chosen, but paid not specified"}}, {"model": "dataentry.formvalidation", "pk": 7, "fields": {"form": 2, "level": 2, "trigger": 91, "trigger_value": "staff", "validation_type": 1, "error_warning_message": "Staff noticed chosen but name not specified"}}, {"model": "dataentry.formvalidation", "pk": 8, "fields": {"form": 2, "level": 3, "trigger": 91, "trigger_value": "staff", "validation_type": 2, "error_warning_message": "Staff noticed is checked, but no reason is checked"}}, {"model": "dataentry.formvalidation", "pk": 9, "fields": {"form": 2, "level": 1, "trigger": null, "trigger_value": null, "validation_type": 4, "error_warning_message": "IRF Number must start with station code"}}, {"model": "dataentry.formvalidation", "pk": 10, "fields": {"form": 2, "level": 1, "trigger": null, "trigger_value": null, "validation_type": 1, "error_warning_message": "Interception date and time must be entered"}},{"model": "dataentry.formvalidationquestion", "pk": 1, "fields": {"validation": 1, "question": 10}}, {"model": "dataentry.formvalidationquestion", "pk": 2, "fields": {"validation": 1, "question": 12}}, {"model": "dataentry.formvalidationquestion", "pk": 3, "fields": {"validation": 1, "question": 13}}, {"model": "dataentry.formvalidationquestion", "pk": 4, "fields": {"validation": 1, "question": 14}}, {"model": "dataentry.formvalidationquestion", "pk": 5, "fields": {"validation": 1, "question": 21}}, {"model": "dataentry.formvalidationquestion", "pk": 6, "fields": {"validation": 1, "question": 22}}, {"model": "dataentry.formvalidationquestion", "pk": 7, "fields": {"validation": 1, "question": 23}}, {"model": "dataentry.formvalidationquestion", "pk": 8, "fields": {"validation": 1, "question": 24}}, {"model": "dataentry.formvalidationquestion", "pk": 9, "fields": {"validation": 1, "question": 25}}, {"model": "dataentry.formvalidationquestion", "pk": 10, "fields": {"validation": 1, "question": 26}}, {"model": "dataentry.formvalidationquestion", "pk": 11, "fields": {"validation": 1, "question": 27}}, {"model": "dataentry.formvalidationquestion", "pk": 12, "fields": {"validation": 1, "question": 28}}, {"model": "dataentry.formvalidationquestion", "pk": 13, "fields": {"validation": 1, "question": 30}}, {"model": "dataentry.formvalidationquestion", "pk": 14, "fields": {"validation": 1, "question": 31}}, {"model": "dataentry.formvalidationquestion", "pk": 15, "fields": {"validation": 1, "question": 242}}, {"model": "dataentry.formvalidationquestion", "pk": 16, "fields": {"validation": 1, "question": 243}}, {"model": "dataentry.formvalidationquestion", "pk": 17, "fields": {"validation": 1, "question": 244}}, {"model": "dataentry.formvalidationquestion", "pk": 18, "fields": {"validation": 1, "question": 251}}, {"model": "dataentry.formvalidationquestion", "pk": 19, "fields": {"validation": 1, "question": 252}}, {"model": "dataentry.formvalidationquestion", "pk": 20, "fields": {"validation": 1, "question": 253}}, {"model": "dataentry.formvalidationquestion", "pk": 21, "fields": {"validation": 2, "question": 91}}, {"model": "dataentry.formvalidationquestion", "pk": 23, "fields": {"validation": 4, "question": 10}}, {"model": "dataentry.formvalidationquestion", "pk": 24, "fields": {"validation": 4, "question": 21}}, {"model": "dataentry.formvalidationquestion", "pk": 25, "fields": {"validation": 4, "question": 22}}, {"model": "dataentry.formvalidationquestion", "pk": 26, "fields": {"validation": 4, "question": 23}}, {"model": "dataentry.formvalidationquestion", "pk": 27, "fields": {"validation": 4, "question": 24}}, {"model": "dataentry.formvalidationquestion", "pk": 28, "fields": {"validation": 4, "question": 25}}, {"model": "dataentry.formvalidationquestion", "pk": 29, "fields": {"validation": 4, "question": 26}}, {"model": "dataentry.formvalidationquestion", "pk": 30, "fields": {"validation": 4, "question": 27}}, {"model": "dataentry.formvalidationquestion", "pk": 31, "fields": {"validation": 4, "question": 28}}, {"model": "dataentry.formvalidationquestion", "pk": 32, "fields": {"validation": 4, "question": 30}}, {"model": "dataentry.formvalidationquestion", "pk": 33, "fields": {"validation": 4, "question": 31}}, {"model": "dataentry.formvalidationquestion", "pk": 34, "fields": {"validation": 4, "question": 242}}, {"model": "dataentry.formvalidationquestion", "pk": 35, "fields": {"validation": 4, "question": 243}}, {"model": "dataentry.formvalidationquestion", "pk": 36, "fields": {"validation": 4, "question": 244}}, {"model": "dataentry.formvalidationquestion", "pk": 37, "fields": {"validation": 4, "question": 252}}, {"model": "dataentry.formvalidationquestion", "pk": 38, "fields": {"validation": 4, "question": 253}}, {"model": "dataentry.formvalidationquestion", "pk": 39, "fields": {"validation": 5, "question": 92}}, {"model": "dataentry.formvalidationquestion", "pk": 40, "fields": {"validation": 6, "question": 102}}, {"model": "dataentry.formvalidationquestion", "pk": 41, "fields": {"validation": 7, "question": 106}}, {"model": "dataentry.formvalidationquestion", "pk": 42, "fields": {"validation": 8, "question": 111}}, {"model": "dataentry.formvalidationquestion", "pk": 44, "fields": {"validation": 8, "question": 112}}, {"model": "dataentry.formvalidationquestion", "pk": 45, "fields": {"validation": 8, "question": 113}}, {"model": "dataentry.formvalidationquestion", "pk": 46, "fields": {"validation": 8, "question": 114}}, {"model": "dataentry.formvalidationquestion", "pk": 47, "fields": {"validation": 8, "question": 115}}, {"model": "dataentry.formvalidationquestion", "pk": 48, "fields": {"validation": 8, "question": 116}}, {"model": "dataentry.formvalidationquestion", "pk": 49, "fields": {"validation": 8, "question": 117}}, {"model": "dataentry.formvalidationquestion", "pk": 50, "fields": {"validation": 8, "question": 118}}, {"model": "dataentry.formvalidationquestion", "pk": 51, "fields": {"validation": 8, "question": 119}}, {"model": "dataentry.formvalidationquestion", "pk": 52, "fields": {"validation": 8, "question": 120}}, {"model": "dataentry.formvalidationquestion", "pk": 53, "fields": {"validation": 8, "question": 121}}, {"model": "dataentry.formvalidationquestion", "pk": 54, "fields": {"validation": 8, "question": 122}}, {"model": "dataentry.formvalidationquestion", "pk": 55, "fields": {"validation": 8, "question": 123}}, {"model": "dataentry.formvalidationquestion", "pk": 56, "fields": {"validation": 8, "question": 124}}, {"model": "dataentry.formvalidationquestion", "pk": 57, "fields": {"validation": 8, "question": 125}}, {"model": "dataentry.formvalidationquestion", "pk": 58, "fields": {"validation": 8, "question": 126}}, {"model": "dataentry.formvalidationquestion", "pk": 59, "fields": {"validation": 8, "question": 127}}, {"model": "dataentry.formvalidationquestion", "pk": 60, "fields": {"validation": 8, "question": 128}}, {"model": "dataentry.formvalidationquestion", "pk": 61, "fields": {"validation": 8, "question": 129}}, {"model": "dataentry.formvalidationquestion", "pk": 62, "fields": {"validation": 8, "question": 130}}, {"model": "dataentry.formvalidationquestion", "pk": 63, "fields": {"validation": 8, "question": 131}}, {"model": "dataentry.formvalidationquestion", "pk": 64, "fields": {"validation": 8, "question": 132}}, {"model": "dataentry.formvalidationquestion", "pk": 65, "fields": {"validation": 8, "question": 133}}, {"model": "dataentry.formvalidationquestion", "pk": 66, "fields": {"validation": 8, "question": 134}}, {"model": "dataentry.formvalidationquestion", "pk": 67, "fields": {"validation": 9, "question": 1}}, {"model": "dataentry.formvalidationquestion", "pk": 68, "fields": {"validation": 10, "question": 4}}, {"model": "dataentry.formvalidationquestion", "pk": 69, "fields": {"validation": 4, "question": 251}}, {"model": "dataentry.formvalidationquestion", "pk": 70, "fields": {"validation": 4, "question": 246}}, {"model": "dataentry.formvalidationquestion", "pk": 71, "fields": {"validation": 4, "question": 255}}, {"model": "dataentry.formvalidationquestion", "pk": 72, "fields": {"validation": 4, "question": 247}}, {"model": "dataentry.formvalidationquestion", "pk": 73, "fields": {"validation": 4, "question": 42}}, {"model": "dataentry.formvalidationquestion", "pk": 74, "fields": {"validation": 4, "question": 248}}, {"model": "dataentry.formvalidationquestion", "pk": 75, "fields": {"validation": 4, "question": 51}}, {"model": "dataentry.formvalidationquestion", "pk": 76, "fields": {"validation": 4, "question": 52}}, {"model": "dataentry.formvalidationquestion", "pk": 77, "fields": {"validation": 4, "question": 53}}, {"model": "dataentry.formvalidationquestion", "pk": 78, "fields": {"validation": 4, "question": 54}}, {"model": "dataentry.formvalidationquestion", "pk": 79, "fields": {"validation": 4, "question": 55}}, {"model": "dataentry.formvalidationquestion", "pk": 80, "fields": {"validation": 4, "question": 56}}, {"model": "dataentry.formvalidationquestion", "pk": 81, "fields": {"validation": 4, "question": 57}}, {"model": "dataentry.formvalidationquestion", "pk": 82, "fields": {"validation": 4, "question": 58}}, {"model": "dataentry.formvalidationquestion", "pk": 83, "fields": {"validation": 4, "question": 59}}, {"model": "dataentry.formvalidationquestion", "pk": 84, "fields": {"validation": 4, "question": 60}}, {"model": "dataentry.formvalidationquestion", "pk": 85, "fields": {"validation": 4, "question": 61}}, {"model": "dataentry.formvalidationquestion", "pk": 86, "fields": {"validation": 4, "question": 62}}, {"model": "dataentry.formvalidationquestion", "pk": 87, "fields": {"validation": 4, "question": 63}}, {"model": "dataentry.formvalidationquestion", "pk": 88, "fields": {"validation": 4, "question": 64}}, {"model": "dataentry.formvalidationquestion", "pk": 89, "fields": {"validation": 4, "question": 69}}, {"model": "dataentry.formvalidationquestion", "pk": 90, "fields": {"validation": 4, "question": 70}}, {"model": "dataentry.formvalidationquestion", "pk": 91, "fields": {"validation": 4, "question": 254}}, {"model": "dataentry.formvalidationquestion", "pk": 92, "fields": {"validation": 4, "question": 73}}, {"model": "dataentry.formvalidationquestion", "pk": 93, "fields": {"validation": 4, "question": 74}}, {"model": "dataentry.formvalidationquestion", "pk": 94, "fields": {"validation": 4, "question": 77}}, {"model": "dataentry.formvalidationquestion", "pk": 95, "fields": {"validation": 4, "question": 78}}, {"model": "dataentry.formvalidationquestion", "pk": 96, "fields": {"validation": 4, "question": 79}}, {"model": "dataentry.formvalidationquestion", "pk": 97, "fields": {"validation": 4, "question": 80}}, {"model": "dataentry.formvalidationquestion", "pk": 98, "fields": {"validation": 4, "question": 81}}]